timestamp_utc,open,high,low,close,volume,trade_count,vwap,underlying_contract
2025-01-05T23:00:00.000000+0000,20960.0,20961.0,20959.0,20960.0,60.0,21,20960.0,MNQH25
2025-01-05T23:01:00.000000+0000,20960.0,20961.75,20959.0,20960.75,60.0,21,20960.5,MNQH25
2025-01-05T23:02:00.000000+0000,20960.75,20962.25,20959.75,20961.25,60.0,21,20961.0,MNQH25
2025-01-05T23:03:00.000000+0000,20961.25,20962.25,20960.75,20961.75,61.0,21,20961.5,MNQH25
2025-01-05T23:04:00.000000+0000,20961.75,20962.25,20961.25,20961.75,62.0,21,20961.75,MNQH25
2025-01-05T23:05:00.000000+0000,20961.75,20962.25,20961.0,20961.5,62.0,21,20961.5,MNQH25
2025-01-05T23:06:00.000000+0000,20961.5,20962.0,20961.0,20961.5,63.0,22,20961.5,MNQH25
2025-01-05T23:07:00.000000+0000,20961.5,20962.0,20960.75,20961.25,65.0,22,20961.25,MNQH25
2025-01-05T23:08:00.000000+0000,20961.25,20962.25,20960.5,20961.5,66.0,23,20961.5,MNQH25
2025-01-05T23:09:00.000000+0000,20961.5,20963.0,20960.5,20962.0,68.0,23,20962.0,MNQH25
2025-01-05T23:10:00.000000+0000,20962.0,20963.75,20961.0,20962.75,69.0,24,20962.5,MNQH25
2025-01-05T23:11:00.000000+0000,20962.75,20964.5,20961.75,20963.5,71.0,24,20963.25,MNQH25
2025-01-05T23:12:00.000000+0000,20963.5,20964.75,20962.5,20964.0,73.0,25,20963.75,MNQH25
2025-01-05T23:13:00.000000+0000,20964.0,20965.0,20963.25,20964.25,75.0,26,20964.25,MNQH25
2025-01-05T23:14:00.000000+0000,20964.25,20964.75,20963.75,20964.25,77.0,26,20964.25,MNQH25
2025-01-05T23:15:00.000000+0000,20964.25,20965.0,20963.5,20964.25,79.0,27,20964.25,MNQH25
2025-01-05T23:16:00.000000+0000,20964.25,20964.75,20963.25,20963.75,81.0,28,20964.0,MNQH25
2025-01-05T23:17:00.000000+0000,20963.75,20964.25,20963.25,20963.75,83.0,28,20963.75,MNQH25
2025-01-05T23:18:00.000000+0000,20963.75,20964.25,20963.0,20963.75,85.0,29,20963.75,MNQH25
2025-01-05T23:19:00.000000+0000,20963.75,20965.0,20962.75,20964.0,86.0,29,20964.0,MNQH25
2025-01-05T23:20:00.000000+0000,20964.0,20965.5,20963.0,20964.5,88.0,30,20964.5,MNQH25
2025-01-05T23:21:00.000000+0000,20964.5,20966.25,20963.75,20965.25,90.0,31,20965.0,MNQH25
2025-01-05T23:22:00.000000+0000,20965.25,20966.75,20964.5,20966.0,92.0,31,20965.75,MNQH25
2025-01-05T23:23:00.000000+0000,20966.0,20967.0,20965.25,20966.25,93.0,32,20966.25,MNQH25
2025-01-05T23:24:00.000000+0000,20966.25,20966.75,20966.0,20966.5,95.0,32,20966.5,MNQH25
2025-01-05T23:25:00.000000+0000,20966.5,20967.0,20965.75,20966.25,96.0,33,20966.25,MNQH25
2025-01-05T23:26:00.000000+0000,20966.25,20966.75,20965.5,20966.0,97.0,33,20966.0,MNQH25
2025-01-05T23:27:00.000000+0000,20966.0,20966.5,20965.5,20966.0,98.0,33,20966.0,MNQH25
2025-01-05T23:28:00.000000+0000,20966.0,20966.5,20965.25,20966.0,99.0,34,20966.0,MNQH25
2025-01-05T23:29:00.000000+0000,20966.0,20967.0,20965.0,20966.25,99.0,34,20966.0,MNQH25
2025-01-05T23:30:00.000000+0000,20966.25,20967.75,20965.25,20966.75,100.0,34,20966.5,MNQH25
2025-01-05T23:31:00.000000+0000,20966.75,20968.5,20965.75,20967.5,100.0,34,20967.25,MNQH25
2025-01-05T23:32:00.000000+0000,20967.5,20969.25,20966.5,20968.25,100.0,34,20968.0,MNQH25
2025-01-05T23:33:00.000000+0000,20968.25,20969.75,20967.5,20968.75,100.0,34,20968.75,MNQH25
2025-01-05T23:34:00.000000+0000,20968.75,20969.75,20968.25,20969.25,99.0,34,20969.0,MNQH25
2025-01-05T23:35:00.000000+0000,20969.25,20969.5,20968.75,20969.25,99.0,34,20969.25,MNQH25
2025-01-05T23:36:00.000000+0000,20969.25,20969.5,20968.5,20969.0,98.0,33,20969.0,MNQH25
2025-01-05T23:37:00.000000+0000,20969.0,20969.5,20968.5,20968.75,97.0,33,20969.0,MNQH25
2025-01-05T23:38:00.000000+0000,20968.75,20969.5,20968.25,20968.75,96.0,33,20968.75,MNQH25
2025-01-05T23:39:00.000000+0000,20968.75,20970.0,20968.0,20969.0,95.0,32,20969.0,MNQH25
2025-01-05T23:40:00.000000+0000,20969.0,20970.75,20968.0,20969.75,93.0,32,20969.5,MNQH25
2025-01-05T23:41:00.000000+0000,20969.75,20971.5,20968.5,20970.5,91.0,31,20970.25,MNQH25
2025-01-05T23:42:00.000000+0000,20970.5,20972.25,20969.25,20971.25,90.0,31,20971.0,MNQH25
2025-01-05T23:43:00.000000+0000,20971.25,20972.75,20970.25,20971.75,88.0,30,20971.5,MNQH25
2025-01-05T23:44:00.000000+0000,20971.75,20972.75,20971.0,20972.0,86.0,29,20972.0,MNQH25
2025-01-05T23:45:00.000000+0000,20972.0,20972.5,20971.75,20972.25,84.0,29,20972.25,MNQH25
2025-01-05T23:46:00.000000+0000,20972.25,20972.75,20971.5,20972.0,82.0,28,20972.0,MNQH25
2025-01-05T23:47:00.000000+0000,20972.0,20972.5,20971.25,20971.75,80.0,27,20971.75,MNQH25
2025-01-05T23:48:00.000000+0000,20971.75,20972.25,20971.25,20971.5,78.0,27,20971.5,MNQH25
2025-01-05T23:49:00.000000+0000,20971.5,20972.5,20971.0,20971.75,76.0,26,20971.75,MNQH25
2025-01-05T23:50:00.000000+0000,20971.75,20973.0,20970.75,20972.0,74.0,25,20972.0,MNQH25
2025-01-05T23:51:00.000000+0000,20972.0,20973.75,20971.0,20972.75,72.0,25,20972.5,MNQH25
2025-01-05T23:52:00.000000+0000,20972.75,20974.25,20971.75,20973.25,71.0,24,20973.0,MNQH25
2025-01-05T23:53:00.000000+0000,20973.25,20974.75,20972.5,20974.0,69.0,24,20973.75,MNQH25
2025-01-05T23:54:00.000000+0000,20974.0,20975.0,20973.25,20974.25,67.0,23,20974.25,MNQH25
2025-01-05T23:55:00.000000+0000,20974.25,20974.75,20973.75,20974.5,66.0,23,20974.5,MNQH25
2025-01-05T23:56:00.000000+0000,20974.5,20975.0,20973.75,20974.25,64.0,22,20974.25,MNQH25
2025-01-05T23:57:00.000000+0000,20974.25,20974.75,20973.25,20974.0,63.0,22,20974.0,MNQH25
2025-01-05T23:58:00.000000+0000,20974.0,20974.5,20973.25,20973.75,62.0,21,20973.75,MNQH25
2025-01-05T23:59:00.000000+0000,20973.75,20974.25,20973.25,20973.75,61.0,21,20973.75,MNQH25
2025-01-06T00:00:00.000000+0000,20973.75,20975.0,20972.75,20974.0,61.0,21,20974.0,MNQH25
2025-01-06T00:01:00.000000+0000,20974.0,20975.5,20973.0,20974.5,60.0,21,20974.5,MNQH25
2025-01-06T00:02:00.000000+0000,20974.5,20976.25,20973.5,20975.25,60.0,21,20975.0,MNQH25
2025-01-06T00:03:00.000000+0000,20975.25,20977.0,20974.25,20976.0,60.0,21,20975.75,MNQH25
2025-01-06T00:04:00.000000+0000,20976.0,20977.25,20975.25,20976.5,60.0,21,20976.5,MNQH25
2025-01-06T00:05:00.000000+0000,20976.5,20977.25,20976.0,20976.75,60.0,21,20976.75,MNQH25
2025-01-06T00:06:00.000000+0000,20976.75,20977.25,20976.25,20976.75,61.0,21,20976.75,MNQH25
2025-01-06T00:07:00.000000+0000,20976.75,20977.25,20976.0,20976.5,62.0,21,20976.5,MNQH25
2025-01-06T00:08:00.000000+0000,20976.5,20977.0,20975.75,20976.25,63.0,22,20976.25,MNQH25
2025-01-06T00:09:00.000000+0000,20976.25,20977.0,20975.75,20976.25,64.0,22,20976.25,MNQH25
2025-01-06T00:10:00.000000+0000,20976.25,20977.5,20975.5,20976.5,65.0,22,20976.5,MNQH25
2025-01-06T00:11:00.000000+0000,20976.5,20978.25,20975.5,20977.25,66.0,23,20977.0,MNQH25
2025-01-06T00:12:00.000000+0000,20977.25,20979.0,20976.0,20978.0,68.0,23,20977.75,MNQH25
2025-01-06T00:13:00.000000+0000,20978.0,20979.75,20976.75,20978.75,69.0,24,20978.5,MNQH25
2025-01-06T00:14:00.000000+0000,20978.75,20980.25,20977.75,20979.25,71.0,24,20979.0,MNQH25
2025-01-06T00:15:00.000000+0000,20979.25,20980.25,20978.75,20979.75,73.0,25,20979.5,MNQH25
2025-01-06T00:16:00.000000+0000,20979.75,20980.25,20979.25,20979.75,75.0,26,20979.75,MNQH25
2025-01-06T00:17:00.000000+0000,20979.75,20980.25,20979.0,20979.5,77.0,26,20979.5,MNQH25
2025-01-06T00:18:00.000000+0000,20979.5,20980.0,20979.0,20979.5,79.0,27,20979.5,MNQH25
2025-01-06T00:19:00.000000+0000,20979.5,20980.0,20978.75,20979.25,81.0,28,20979.25,MNQH25
2025-01-06T00:20:00.000000+0000,20979.25,20980.25,20978.5,20979.5,83.0,28,20979.5,MNQH25
2025-01-06T00:21:00.000000+0000,20979.5,20981.0,20978.5,20980.0,85.0,29,20980.0,MNQH25
2025-01-06T00:22:00.000000+0000,20980.0,20981.75,20979.0,20980.75,87.0,30,20980.5,MNQH25
2025-01-06T00:23:00.000000+0000,20980.75,20982.25,20979.5,20981.25,89.0,30,20981.0,MNQH25
2025-01-06T00:24:00.000000+0000,20981.25,20982.75,20980.5,20982.0,90.0,31,20981.75,MNQH25
2025-01-06T00:25:00.000000+0000,20982.0,20983.0,20981.25,20982.25,92.0,31,20982.25,MNQH25
2025-01-06T00:26:00.000000+0000,20982.25,20982.75,20981.75,20982.5,94.0,32,20982.5,MNQH25
2025-01-06T00:27:00.000000+0000,20982.5,20983.0,20981.75,20982.25,95.0,32,20982.25,MNQH25
2025-01-06T00:28:00.000000+0000,20982.25,20982.75,20981.25,20982.0,96.0,33,20982.0,MNQH25
2025-01-06T00:29:00.000000+0000,20982.0,20982.5,20981.25,20981.75,97.0,33,20981.75,MNQH25
2025-01-06T00:30:00.000000+0000,20981.75,20982.25,20981.25,20981.75,98.0,33,20981.75,MNQH25
2025-01-06T00:31:00.000000+0000,20981.75,20983.0,20981.0,20982.0,99.0,34,20982.0,MNQH25
2025-01-06T00:32:00.000000+0000,20982.0,20983.5,20981.0,20982.5,99.0,34,20982.5,MNQH25
2025-01-06T00:33:00.000000+0000,20982.5,20984.25,20981.75,20983.25,100.0,34,20983.0,MNQH25
2025-01-06T00:34:00.000000+0000,20983.25,20984.75,20982.25,20984.0,100.0,34,20983.75,MNQH25
2025-01-06T00:35:00.000000+0000,20984.0,20985.0,20983.25,20984.25,100.0,34,20984.25,MNQH25
2025-01-06T00:36:00.000000+0000,20984.25,20985.0,20984.0,20984.5,100.0,34,20984.5,MNQH25
2025-01-06T00:37:00.000000+0000,20984.5,20985.0,20983.75,20984.25,99.0,34,20984.25,MNQH25
2025-01-06T00:38:00.000000+0000,20984.25,20985.0,20983.5,20984.25,99.0,34,20984.25,MNQH25
2025-01-06T00:39:00.000000+0000,20984.25,20984.75,20983.5,20984.0,98.0,33,20984.0,MNQH25
2025-01-06T00:40:00.000000+0000,20984.0,20984.5,20983.25,20984.0,97.0,33,20984.0,MNQH25
2025-01-06T00:41:00.000000+0000,20984.0,20985.0,20983.0,20984.25,96.0,33,20984.0,MNQH25
2025-01-06T00:42:00.000000+0000,20984.25,20985.75,20983.25,20984.75,94.0,32,20984.5,MNQH25
2025-01-06T00:43:00.000000+0000,20984.75,20986.5,20983.75,20985.5,93.0,32,20985.25,MNQH25
2025-01-06T00:44:00.000000+0000,20985.5,20987.25,20984.5,20986.25,91.0,31,20986.0,MNQH25
2025-01-06T00:45:00.000000+0000,20986.25,20987.75,20985.25,20986.75,90.0,31,20986.5,MNQH25
2025-01-06T00:46:00.000000+0000,20986.75,20987.75,20986.25,20987.0,88.0,30,20987.0,MNQH25
2025-01-06T00:47:00.000000+0000,20987.0,20987.5,20986.75,20987.25,86.0,29,20987.25,MNQH25
2025-01-06T00:48:00.000000+0000,20987.25,20987.75,20986.5,20987.0,84.0,29,20987.0,MNQH25
2025-01-06T00:49:00.000000+0000,20987.0,20987.5,20986.5,20986.75,82.0,28,20987.0,MNQH25
2025-01-06T00:50:00.000000+0000,20986.75,20987.5,20986.25,20986.75,80.0,27,20986.75,MNQH25
2025-01-06T00:51:00.000000+0000,20986.75,20988.0,20986.0,20987.0,78.0,27,20987.0,MNQH25
2025-01-06T00:52:00.000000+0000,20987.0,20988.5,20986.0,20987.5,76.0,26,20987.5,MNQH25
2025-01-06T00:53:00.000000+0000,20987.5,20989.25,20986.5,20988.25,74.0,25,20988.0,MNQH25
2025-01-06T00:54:00.000000+0000,20988.25,20990.25,20987.25,20989.0,72.0,25,20989.0,MNQH25
2025-01-06T00:55:00.000000+0000,20989.0,20990.75,20988.25,20989.75,70.0,24,20989.5,MNQH25
2025-01-06T00:56:00.000000+0000,20989.75,20990.75,20989.0,20990.0,69.0,24,20990.0,MNQH25
2025-01-06T00:57:00.000000+0000,20990.0,20990.75,20989.75,20990.25,67.0,23,20990.25,MNQH25
2025-01-06T00:58:00.000000+0000,20990.25,20990.75,20989.5,20990.0,66.0,23,20990.0,MNQH25
2025-01-06T00:59:00.000000+0000,20990.0,20990.5,20989.25,20989.75,64.0,22,20989.75,MNQH25
2025-01-06T01:00:00.000000+0000,20989.75,20990.25,20989.25,20989.75,63.0,22,20989.75,MNQH25
2025-01-06T01:01:00.000000+0000,20989.75,20990.5,20989.0,20989.75,62.0,21,20989.75,MNQH25
2025-01-06T01:02:00.000000+0000,20989.75,20991.0,20988.75,20990.25,61.0,21,20990.0,MNQH25
2025-01-06T01:03:00.000000+0000,20990.25,20991.75,20989.25,20990.75,61.0,21,20990.5,MNQH25
2025-01-06T01:04:00.000000+0000,20990.75,20992.5,20989.75,20991.5,60.0,21,20991.25,MNQH25
2025-01-06T01:05:00.000000+0000,20991.5,20993.25,20990.5,20992.25,60.0,21,20992.0,MNQH25
2025-01-06T01:06:00.000000+0000,20992.25,20993.25,20991.5,20992.5,60.0,21,20992.5,MNQH25
2025-01-06T01:07:00.000000+0000,20992.5,20993.25,20992.25,20992.75,60.0,21,20992.75,MNQH25
2025-01-06T01:08:00.000000+0000,20992.75,20993.25,20992.0,20992.75,61.0,21,20992.75,MNQH25
2025-01-06T01:09:00.000000+0000,20992.75,20993.25,20991.75,20992.5,61.0,21,20992.5,MNQH25
2025-01-06T01:10:00.000000+0000,20992.5,20993.0,20991.75,20992.25,62.0,21,20992.25,MNQH25
2025-01-06T01:11:00.000000+0000,20992.25,20992.75,20991.5,20992.25,63.0,22,20992.25,MNQH25
2025-01-06T01:12:00.000000+0000,20992.25,20993.5,20991.25,20992.5,64.0,22,20992.5,MNQH25
2025-01-06T01:13:00.000000+0000,20992.5,20994.25,20991.5,20993.0,65.0,22,20993.0,MNQH25
2025-01-06T01:14:00.000000+0000,20993.0,20994.75,20992.0,20993.75,67.0,23,20993.5,MNQH25
2025-01-06T01:15:00.000000+0000,20993.75,20995.5,20992.75,20994.5,68.0,23,20994.25,MNQH25
2025-01-06T01:16:00.000000+0000,20994.5,20996.0,20993.75,20995.0,70.0,24,20995.0,MNQH25
2025-01-06T01:17:00.000000+0000,20995.0,20996.0,20994.5,20995.5,72.0,25,20995.5,MNQH25
2025-01-06T01:18:00.000000+0000,20995.5,20995.75,20995.0,20995.5,73.0,25,20995.5,MNQH25
2025-01-06T01:19:00.000000+0000,20995.5,20995.75,20994.75,20995.25,75.0,26,20995.25,MNQH25
2025-01-06T01:20:00.000000+0000,20995.25,20995.75,20994.75,20995.25,77.0,26,20995.25,MNQH25
2025-01-06T01:21:00.000000+0000,20995.25,20995.75,20994.5,20995.25,79.0,27,20995.25,MNQH25
2025-01-06T01:22:00.000000+0000,20995.25,20996.25,20994.25,20995.5,81.0,28,20995.5,MNQH25
2025-01-06T01:23:00.000000+0000,20995.5,20997.25,20994.5,20996.0,83.0,28,20996.0,MNQH25
2025-01-06T01:24:00.000000+0000,20996.0,20998.0,20995.0,20996.75,85.0,29,20996.5,MNQH25
2025-01-06T01:25:00.000000+0000,20996.75,20998.75,20995.75,20997.75,87.0,30,20997.5,MNQH25
2025-01-06T01:26:00.000000+0000,20997.75,20999.25,20996.75,20998.25,89.0,30,20998.0,MNQH25
2025-01-06T01:27:00.000000+0000,20998.25,20999.5,20997.5,20998.75,91.0,31,20998.5,MNQH25
2025-01-06T01:28:00.000000+0000,20998.75,20999.25,20998.25,20999.0,92.0,31,20999.0,MNQH25
2025-01-06T01:29:00.000000+0000,20999.0,20999.25,20998.5,20998.75,94.0,32,20998.75,MNQH25
2025-01-06T01:30:00.000000+0000,20998.75,20999.25,20998.25,20998.75,95.0,32,20998.75,MNQH25
2025-01-06T01:31:00.000000+0000,20998.75,20999.25,20998.25,20998.75,96.0,33,20998.75,MNQH25
2025-01-06T01:32:00.000000+0000,20998.75,20999.5,20997.75,20998.75,97.0,33,20998.75,MNQH25
2025-01-06T01:33:00.000000+0000,20998.75,21000.25,20997.75,20999.25,98.0,33,20999.0,MNQH25
2025-01-06T01:34:00.000000+0000,20999.25,21001.0,20998.25,21000.0,99.0,34,20999.75,MNQH25
2025-01-06T01:35:00.000000+0000,21000.0,21001.75,20999.0,21000.75,100.0,34,21000.5,MNQH25
2025-01-06T01:36:00.000000+0000,21000.75,21002.5,20999.75,21001.5,100.0,34,21001.25,MNQH25
2025-01-06T01:37:00.000000+0000,21001.5,21002.5,21000.75,21002.0,100.0,34,21001.75,MNQH25
2025-01-06T01:38:00.000000+0000,21002.0,21002.5,21001.5,21002.0,100.0,34,21002.0,MNQH25
2025-01-06T01:39:00.000000+0000,21002.0,21002.5,21001.5,21002.0,100.0,34,21002.0,MNQH25
2025-01-06T01:40:00.000000+0000,21002.0,21002.5,21001.25,21001.75,99.0,34,21001.75,MNQH25
2025-01-06T01:41:00.000000+0000,21001.75,21002.25,21001.0,21001.5,98.0,33,21001.5,MNQH25
2025-01-06T01:42:00.000000+0000,21001.5,21002.25,21001.0,21001.5,98.0,33,21001.5,MNQH25
2025-01-06T01:43:00.000000+0000,21001.5,21002.75,21000.75,21001.75,97.0,33,21001.75,MNQH25
2025-01-06T01:44:00.000000+0000,21001.75,21003.5,21000.75,21002.5,95.0,32,21002.25,MNQH25
2025-01-06T01:45:00.000000+0000,21002.5,21004.25,21001.5,21003.25,94.0,32,21003.0,MNQH25
2025-01-06T01:46:00.000000+0000,21003.25,21004.75,21002.25,21003.75,93.0,32,21003.5,MNQH25
2025-01-06T01:47:00.000000+0000,21003.75,21005.0,21003.0,21004.25,91.0,31,21004.0,MNQH25
2025-01-06T01:48:00.000000+0000,21004.25,21005.0,21003.75,21004.5,89.0,30,21004.5,MNQH25
2025-01-06T01:49:00.000000+0000,21004.5,21005.0,21004.0,21004.5,87.0,30,21004.5,MNQH25
2025-01-06T01:50:00.000000+0000,21004.5,21005.0,21003.75,21004.25,86.0,29,21004.25,MNQH25
2025-01-06T01:51:00.000000+0000,21004.25,21004.75,21003.5,21004.0,84.0,29,21004.0,MNQH25
2025-01-06T01:52:00.000000+0000,21004.0,21004.75,21003.5,21004.0,82.0,28,21004.0,MNQH25
2025-01-06T01:53:00.000000+0000,21004.0,21005.25,21003.25,21004.25,80.0,27,21004.25,MNQH25
2025-01-06T01:54:00.000000+0000,21004.25,21006.0,21003.25,21005.0,78.0,27,21004.75,MNQH25
2025-01-06T01:55:00.000000+0000,21005.0,21006.75,21003.75,21005.75,76.0,26,21005.5,MNQH25
2025-01-06T01:56:00.000000+0000,21005.75,21007.5,21004.5,21006.5,74.0,25,21006.25,MNQH25
2025-01-06T01:57:00.000000+0000,21006.5,21008.0,21005.5,21007.25,72.0,25,21007.0,MNQH25
2025-01-06T01:58:00.000000+0000,21007.25,21008.25,21006.5,21007.5,70.0,24,21007.5,MNQH25
2025-01-06T01:59:00.000000+0000,21007.5,21008.0,21007.0,21007.5,68.0,23,21007.5,MNQH25
2025-01-06T02:00:00.000000+0000,21007.5,21008.0,21007.0,21007.5,67.0,23,21007.5,MNQH25
2025-01-06T02:01:00.000000+0000,21007.5,21008.0,21007.0,21007.5,65.0,22,21007.5,MNQH25
2025-01-06T02:02:00.000000+0000,21007.5,21008.0,21006.75,21007.5,64.0,22,21007.5,MNQH25
2025-01-06T02:03:00.000000+0000,21007.5,21008.5,21006.5,21007.75,63.0,22,21007.5,MNQH25
2025-01-06T02:04:00.000000+0000,21007.75,21009.25,21006.5,21008.25,62.0,21,21008.0,MNQH25
2025-01-06T02:05:00.000000+0000,21008.25,21010.0,21007.0,21009.0,61.0,21,21008.75,MNQH25
2025-01-06T02:06:00.000000+0000,21009.0,21010.75,21007.75,21009.75,61.0,21,21009.5,MNQH25
2025-01-06T02:07:00.000000+0000,21009.75,21011.5,21008.75,21010.5,60.0,21,21010.25,MNQH25
2025-01-06T02:08:00.000000+0000,21010.5,21011.75,21009.75,21011.0,60.0,21,21011.0,MNQH25
2025-01-06T02:09:00.000000+0000,21011.0,21011.5,21010.5,21011.0,60.0,21,21011.0,MNQH25
2025-01-06T02:10:00.000000+0000,21011.0,21011.5,21010.5,21011.0,60.0,21,21011.0,MNQH25
2025-01-06T02:11:00.000000+0000,21011.0,21011.5,21010.25,21010.75,61.0,21,21010.75,MNQH25
2025-01-06T02:12:00.000000+0000,21010.75,21011.25,21010.25,21010.75,61.0,21,21010.75,MNQH25
2025-01-06T02:13:00.000000+0000,21010.75,21011.5,21010.0,21010.75,62.0,21,21010.75,MNQH25
2025-01-06T02:14:00.000000+0000,21010.75,21012.0,21009.75,21011.25,63.0,22,21011.0,MNQH25
2025-01-06T02:15:00.000000+0000,21011.25,21012.75,21010.25,21011.75,64.0,22,21011.5,MNQH25
2025-01-06T02:16:00.000000+0000,21011.75,21013.5,21010.75,21012.5,65.0,22,21012.25,MNQH25
2025-01-06T02:17:00.000000+0000,21012.5,21014.25,21011.5,21013.25,67.0,23,21013.0,MNQH25
2025-01-06T02:18:00.000000+0000,21013.25,21014.5,21012.5,21013.75,68.0,23,21013.5,MNQH25
2025-01-06T02:19:00.000000+0000,21013.75,21014.25,21013.25,21013.75,70.0,24,21013.75,MNQH25
2025-01-06T02:20:00.000000+0000,21013.75,21014.25,21013.25,21013.75,72.0,25,21013.75,MNQH25
2025-01-06T02:21:00.000000+0000,21013.75,21014.25,21013.0,21013.5,74.0,25,21013.5,MNQH25
2025-01-06T02:22:00.000000+0000,21013.5,21014.0,21012.75,21013.25,76.0,26,21013.25,MNQH25
2025-01-06T02:23:00.000000+0000,21013.25,21013.75,21012.75,21013.25,78.0,27,21013.25,MNQH25
2025-01-06T02:24:00.000000+0000,21013.25,21014.5,21012.5,21013.5,80.0,27,21013.5,MNQH25
2025-01-06T02:25:00.000000+0000,21013.5,21015.0,21012.5,21014.0,82.0,28,21014.0,MNQH25
2025-01-06T02:26:00.000000+0000,21014.0,21015.75,21013.0,21014.75,84.0,29,21014.5,MNQH25
2025-01-06T02:27:00.000000+0000,21014.75,21016.5,21013.75,21015.5,86.0,29,21015.25,MNQH25
2025-01-06T02:28:00.000000+0000,21015.5,21017.0,21014.75,21016.0,87.0,30,21016.0,MNQH25
2025-01-06T02:29:00.000000+0000,21016.0,21017.0,21015.5,21016.5,89.0,30,21016.5,MNQH25
2025-01-06T02:30:00.000000+0000,21016.5,21017.0,21016.0,21016.5,91.0,31,21016.5,MNQH25
2025-01-06T02:31:00.000000+0000,21016.5,21017.0,21015.75,21016.25,93.0,32,21016.25,MNQH25
2025-01-06T02:32:00.000000+0000,21016.25,21016.75,21015.75,21016.25,94.0,32,21016.25,MNQH25
2025-01-06T02:33:00.000000+0000,21016.25,21016.75,21015.5,21016.25,95.0,32,21016.25,MNQH25
2025-01-06T02:34:00.000000+0000,21016.25,21017.25,21015.25,21016.5,97.0,33,21016.5,MNQH25
2025-01-06T02:35:00.000000+0000,21016.5,21018.0,21015.25,21017.0,98.0,33,21016.75,MNQH25
2025-01-06T02:36:00.000000+0000,21017.0,21018.75,21015.75,21017.75,98.0,33,21017.5,MNQH25
2025-01-06T02:37:00.000000+0000,21017.75,21019.75,21016.5,21018.5,99.0,34,21018.25,MNQH25
2025-01-06T02:38:00.000000+0000,21018.5,21020.25,21017.5,21019.25,100.0,34,21019.0,MNQH25
2025-01-06T02:39:00.000000+0000,21019.25,21020.5,21018.5,21019.75,100.0,34,21019.5,MNQH25
2025-01-06T02:40:00.000000+0000,21019.75,21020.25,21019.25,21020.0,100.0,34,21020.0,MNQH25
2025-01-06T02:41:00.000000+0000,21020.0,21020.25,21019.5,21019.75,100.0,34,21019.75,MNQH25
2025-01-06T02:42:00.000000+0000,21019.75,21020.25,21019.25,21019.75,100.0,34,21019.75,MNQH25
2025-01-06T02:43:00.000000+0000,21019.75,21020.25,21019.25,21019.75,99.0,34,21019.75,MNQH25
2025-01-06T02:44:00.000000+0000,21019.75,21020.5,21019.0,21019.75,98.0,33,21019.75,MNQH25
2025-01-06T02:45:00.000000+0000,21019.75,21021.25,21018.75,21020.25,97.0,33,21020.0,MNQH25
2025-01-06T02:46:00.000000+0000,21020.25,21022.0,21019.25,21021.0,96.0,33,21020.75,MNQH25
2025-01-06T02:47:00.000000+0000,21021.0,21022.75,21019.75,21021.75,95.0,32,21021.5,MNQH25
2025-01-06T02:48:00.000000+0000,21021.75,21023.5,21020.75,21022.5,94.0,32,21022.25,MNQH25
2025-01-06T02:49:00.000000+0000,21022.5,21023.75,21021.75,21023.0,92.0,31,21023.0,MNQH25
2025-01-06T02:50:00.000000+0000,21023.0,21023.5,21022.5,21023.0,91.0,31,21023.0,MNQH25
2025-01-06T02:51:00.000000+0000,21023.0,21023.5,21022.5,21023.0,89.0,30,21023.0,MNQH25
2025-01-06T02:52:00.000000+0000,21023.0,21023.5,21022.25,21022.75,87.0,30,21022.75,MNQH25
2025-01-06T02:53:00.000000+0000,21022.75,21023.25,21022.0,21022.5,85.0,29,21022.5,MNQH25
2025-01-06T02:54:00.000000+0000,21022.5,21023.25,21022.0,21022.5,83.0,28,21022.5,MNQH25
2025-01-06T02:55:00.000000+0000,21022.5,21023.75,21021.75,21022.75,81.0,28,21022.75,MNQH25
2025-01-06T02:56:00.000000+0000,21022.75,21024.5,21021.75,21023.5,79.0,27,21023.25,MNQH25
2025-01-06T02:57:00.000000+0000,21023.5,21025.0,21022.5,21024.0,77.0,26,21024.0,MNQH25
2025-01-06T02:58:00.000000+0000,21024.0,21025.75,21023.25,21024.75,75.0,26,21024.5,MNQH25
2025-01-06T02:59:00.000000+0000,21024.75,21026.25,21024.0,21025.25,73.0,25,21025.25,MNQH25
2025-01-06T03:00:00.000000+0000,21025.25,21026.25,21024.5,21025.5,72.0,25,21025.5,MNQH25
2025-01-06T03:01:00.000000+0000,21025.5,21026.5,21024.25,21025.25,70.0,24,21025.25,MNQH25
2025-01-06T03:02:00.000000+0000,21025.25,21026.0,21023.75,21024.5,68.0,23,21024.75,MNQH25
2025-01-06T03:03:00.000000+0000,21024.5,21025.5,21023.0,21024.0,67.0,23,21024.0,MNQH25
2025-01-06T03:04:00.000000+0000,21024.0,21024.75,21022.75,21023.5,65.0,22,21023.5,MNQH25
2025-01-06T03:05:00.000000+0000,21023.5,21024.0,21023.0,21023.25,64.0,22,21023.5,MNQH25
2025-01-06T03:06:00.000000+0000,21023.25,21024.0,21022.75,21023.5,63.0,22,21023.5,MNQH25
2025-01-06T03:07:00.000000+0000,21023.5,21024.5,21022.75,21023.75,62.0,21,21023.75,MNQH25
2025-01-06T03:08:00.000000+0000,21023.75,21025.0,21023.25,21024.25,61.0,21,21024.25,MNQH25
2025-01-06T03:09:00.000000+0000,21024.25,21025.0,21023.75,21024.5,61.0,21,21024.5,MNQH25
2025-01-06T03:10:00.000000+0000,21024.5,21025.0,21024.0,21024.5,60.0,21,21024.5,MNQH25
2025-01-06T03:11:00.000000+0000,21024.5,21025.25,21023.5,21024.25,60.0,21,21024.25,MNQH25
2025-01-06T03:12:00.000000+0000,21024.25,21025.0,21023.0,21023.75,60.0,21,21024.0,MNQH25
2025-01-06T03:13:00.000000+0000,21023.75,21024.5,21022.25,21023.25,60.0,21,21023.25,MNQH25
2025-01-06T03:14:00.000000+0000,21023.25,21024.0,21022.0,21022.75,61.0,21,21023.0,MNQH25
2025-01-06T03:15:00.000000+0000,21022.75,21023.25,21022.0,21022.5,61.0,21,21022.5,MNQH25
2025-01-06T03:16:00.000000+0000,21022.5,21023.25,21022.0,21022.75,62.0,21,21022.75,MNQH25
2025-01-06T03:17:00.000000+0000,21022.75,21023.75,21022.0,21023.0,63.0,22,21023.0,MNQH25
2025-01-06T03:18:00.000000+0000,21023.0,21024.25,21022.25,21023.5,64.0,22,21023.5,MNQH25
2025-01-06T03:19:00.000000+0000,21023.5,21024.5,21022.75,21023.75,66.0,23,21023.75,MNQH25
2025-01-06T03:20:00.000000+0000,21023.75,21024.25,21023.25,21023.75,67.0,23,21023.75,MNQH25
2025-01-06T03:21:00.000000+0000,21023.75,21024.5,21023.0,21023.75,69.0,24,21023.75,MNQH25
2025-01-06T03:22:00.000000+0000,21023.75,21024.5,21022.25,21023.25,70.0,24,21023.25,MNQH25
2025-01-06T03:23:00.000000+0000,21023.25,21024.0,21021.75,21022.5,72.0,25,21022.75,MNQH25
2025-01-06T03:24:00.000000+0000,21022.5,21023.5,21021.25,21022.0,74.0,25,21022.25,MNQH25
2025-01-06T03:25:00.000000+0000,21022.0,21022.75,21021.0,21021.75,76.0,26,21021.75,MNQH25
2025-01-06T03:26:00.000000+0000,21021.75,21022.25,21021.25,21021.75,78.0,27,21021.75,MNQH25
2025-01-06T03:27:00.000000+0000,21021.75,21022.5,21021.0,21022.0,80.0,27,21022.0,MNQH25
2025-01-06T03:28:00.000000+0000,21022.0,21022.75,21021.25,21022.25,82.0,28,21022.0,MNQH25
2025-01-06T03:29:00.000000+0000,21022.25,21023.0,21021.5,21022.5,84.0,29,21022.5,MNQH25
2025-01-06T03:30:00.000000+0000,21022.5,21023.0,21022.0,21022.5,86.0,29,21022.5,MNQH25
2025-01-06T03:31:00.000000+0000,21022.5,21023.25,21021.5,21022.5,88.0,30,21022.5,MNQH25
2025-01-06T03:32:00.000000+0000,21022.5,21023.25,21021.0,21022.0,90.0,31,21022.0,MNQH25
2025-01-06T03:33:00.000000+0000,21022.0,21022.75,21020.25,21021.25,91.0,31,21021.5,MNQH25
2025-01-06T03:34:00.000000+0000,21021.25,21022.25,21019.75,21020.75,93.0,32,21021.0,MNQH25
2025-01-06T03:35:00.000000+0000,21020.75,21021.5,21019.5,21020.25,94.0,32,21020.5,MNQH25
2025-01-06T03:36:00.000000+0000,21020.25,21020.75,21019.5,21020.0,96.0,33,21020.0,MNQH25
2025-01-06T03:37:00.000000+0000,21020.0,21020.75,21019.5,21020.25,97.0,33,21020.25,MNQH25
2025-01-06T03:38:00.000000+0000,21020.25,21021.0,21019.5,21020.5,98.0,33,21020.5,MNQH25
2025-01-06T03:39:00.000000+0000,21020.5,21021.5,21019.75,21020.75,99.0,34,21020.75,MNQH25
2025-01-06T03:40:00.000000+0000,21020.75,21021.5,21020.25,21021.0,99.0,34,21021.0,MNQH25
2025-01-06T03:41:00.000000+0000,21021.0,21021.5,21020.25,21021.0,100.0,34,21021.0,MNQH25
2025-01-06T03:42:00.000000+0000,21021.0,21021.75,21019.75,21020.5,100.0,34,21020.5,MNQH25
2025-01-06T03:43:00.000000+0000,21020.5,21021.5,21019.25,21020.0,100.0,34,21020.25,MNQH25
2025-01-06T03:44:00.000000+0000,21020.0,21021.0,21018.5,21019.5,100.0,34,21019.5,MNQH25
2025-01-06T03:45:00.000000+0000,21019.5,21020.25,21018.25,21019.0,99.0,34,21019.0,MNQH25
2025-01-06T03:46:00.000000+0000,21019.0,21019.5,21018.5,21018.75,99.0,34,21019.0,MNQH25
2025-01-06T03:47:00.000000+0000,21018.75,21019.75,21018.25,21019.0,98.0,33,21019.0,MNQH25
2025-01-06T03:48:00.000000+0000,21019.0,21020.0,21018.25,21019.25,97.0,33,21019.25,MNQH25
2025-01-06T03:49:00.000000+0000,21019.25,21020.5,21018.5,21019.75,96.0,33,21019.5,MNQH25
2025-01-06T03:50:00.000000+0000,21019.75,21020.75,21019.25,21020.0,95.0,32,21020.0,MNQH25
2025-01-06T03:51:00.000000+0000,21020.0,21020.75,21019.5,21020.25,94.0,32,21020.25,MNQH25
2025-01-06T03:52:00.000000+0000,21020.25,21021.0,21019.25,21020.0,92.0,31,21020.0,MNQH25
2025-01-06T03:53:00.000000+0000,21020.0,21020.75,21018.75,21019.5,90.0,31,21019.5,MNQH25
2025-01-06T03:54:00.000000+0000,21019.5,21020.25,21018.0,21019.0,89.0,30,21019.0,MNQH25
2025-01-06T03:55:00.000000+0000,21019.0,21019.75,21017.75,21018.5,87.0,30,21018.5,MNQH25
2025-01-06T03:56:00.000000+0000,21018.5,21019.0,21017.75,21018.25,85.0,29,21018.25,MNQH25
2025-01-06T03:57:00.000000+0000,21018.25,21018.75,21017.75,21018.25,83.0,28,21018.25,MNQH25
2025-01-06T03:58:00.000000+0000,21018.25,21019.25,21017.5,21018.5,81.0,28,21018.5,MNQH25
2025-01-06T03:59:00.000000+0000,21018.5,21019.5,21017.75,21019.0,79.0,27,21018.75,MNQH25
2025-01-06T04:00:00.000000+0000,21019.0,21019.75,21018.25,21019.25,77.0,26,21019.0,MNQH25
2025-01-06T04:01:00.000000+0000,21019.25,21019.75,21018.75,21019.25,75.0,26,21019.25,MNQH25
2025-01-06T04:02:00.000000+0000,21019.25,21020.0,21018.25,21019.25,73.0,25,21019.25,MNQH25
2025-01-06T04:03:00.000000+0000,21019.25,21020.0,21017.75,21018.75,71.0,24,21018.75,MNQH25
2025-01-06T04:04:00.000000+0000,21018.75,21019.5,21017.25,21018.0,69.0,24,21018.25,MNQH25
2025-01-06T04:05:00.000000+0000,21018.0,21019.0,21016.5,21017.5,68.0,23,21017.5,MNQH25
2025-01-06T04:06:00.000000+0000,21017.5,21018.25,21016.25,21017.0,66.0,23,21017.0,MNQH25
2025-01-06T04:07:00.000000+0000,21017.0,21017.5,21016.5,21017.0,65.0,22,21017.0,MNQH25
2025-01-06T04:08:00.000000+0000,21017.0,21017.5,21016.25,21017.0,64.0,22,21017.0,MNQH25
2025-01-06T04:09:00.000000+0000,21017.0,21018.0,21016.5,21017.25,63.0,22,21017.25,MNQH25
2025-01-06T04:10:00.000000+0000,21017.25,21018.25,21016.75,21017.5,62.0,21,21017.5,MNQH25
2025-01-06T04:11:00.000000+0000,21017.5,21018.25,21017.25,21017.75,61.0,21,21017.75,MNQH25
2025-01-06T04:12:00.000000+0000,21017.75,21018.5,21017.0,21017.5,60.0,21,21017.5,MNQH25
2025-01-06T04:13:00.000000+0000,21017.5,21018.5,21016.25,21017.25,60.0,21,21017.25,MNQH25
2025-01-06T04:14:00.000000+0000,21017.25,21018.0,21015.75,21016.5,60.0,21,21016.75,MNQH25
2025-01-06T04:15:00.000000+0000,21016.5,21017.5,21015.0,21016.0,60.0,21,21016.0,MNQH25
2025-01-06T04:16:00.000000+0000,21016.0,21016.75,21014.75,21015.5,60.0,21,21015.5,MNQH25
2025-01-06T04:17:00.000000+0000,21015.5,21016.0,21014.75,21015.25,61.0,21,21015.25,MNQH25
2025-01-06T04:18:00.000000+0000,21015.25,21016.0,21014.75,21015.5,61.0,21,21015.5,MNQH25
2025-01-06T04:19:00.000000+0000,21015.5,21016.5,21014.75,21015.75,62.0,21,21015.75,MNQH25
2025-01-06T04:20:00.000000+0000,21015.75,21016.75,21015.0,21016.25,63.0,22,21016.0,MNQH25
2025-01-06T04:21:00.000000+0000,21016.25,21017.0,21015.5,21016.5,64.0,22,21016.5,MNQH25
2025-01-06T04:22:00.000000+0000,21016.5,21017.0,21015.75,21016.5,66.0,23,21016.5,MNQH25
2025-01-06T04:23:00.000000+0000,21016.5,21017.25,21015.5,21016.25,67.0,23,21016.25,MNQH25
2025-01-06T04:24:00.000000+0000,21016.25,21017.0,21015.0,21015.75,69.0,24,21016.0,MNQH25
2025-01-06T04:25:00.000000+0000,21015.75,21016.5,21014.25,21015.25,71.0,24,21015.25,MNQH25
2025-01-06T04:26:00.000000+0000,21015.25,21016.0,21014.0,21014.75,72.0,25,21015.0,MNQH25
2025-01-06T04:27:00.000000+0000,21014.75,21015.25,21014.0,21014.5,74.0,25,21014.5,MNQH25
2025-01-06T04:28:00.000000+0000,21014.5,21015.25,21014.0,21014.5,76.0,26,21014.5,MNQH25
2025-01-06T04:29:00.000000+0000,21014.5,21015.75,21014.0,21015.0,78.0,27,21015.0,MNQH25
2025-01-06T04:30:00.000000+0000,21015.0,21016.0,21014.25,21015.25,80.0,27,21015.25,MNQH25
2025-01-06T04:31:00.000000+0000,21015.25,21016.25,21014.75,21015.75,82.0,28,21015.5,MNQH25
2025-01-06T04:32:00.000000+0000,21015.75,21016.25,21015.25,21015.75,84.0,29,21015.75,MNQH25
2025-01-06T04:33:00.000000+0000,21015.75,21016.5,21015.0,21015.75,86.0,29,21015.75,MNQH25
2025-01-06T04:34:00.000000+0000,21015.75,21016.5,21014.25,21015.25,88.0,30,21015.25,MNQH25
2025-01-06T04:35:00.000000+0000,21015.25,21016.0,21013.75,21014.75,90.0,31,21014.75,MNQH25
2025-01-06T04:36:00.000000+0000,21014.75,21015.5,21013.25,21014.0,92.0,31,21014.25,MNQH25
2025-01-06T04:37:00.000000+0000,21014.0,21014.75,21013.0,21013.75,93.0,32,21013.75,MNQH25
2025-01-06T04:38:00.000000+0000,21013.75,21014.25,21013.25,21013.75,95.0,32,21013.75,MNQH25
2025-01-06T04:39:00.000000+0000,21013.75,21014.5,21013.0,21013.75,96.0,33,21013.75,MNQH25
2025-01-06T04:40:00.000000+0000,21013.75,21014.75,21013.25,21014.25,97.0,33,21014.0,MNQH25
2025-01-06T04:41:00.000000+0000,21014.25,21015.0,21013.5,21014.5,98.0,33,21014.5,MNQH25
2025-01-06T04:42:00.000000+0000,21014.5,21015.0,21014.0,21014.5,99.0,34,21014.5,MNQH25
2025-01-06T04:43:00.000000+0000,21014.5,21015.25,21013.75,21014.5,99.0,34,21014.5,MNQH25
2025-01-06T04:44:00.000000+0000,21014.5,21015.25,21013.0,21014.0,100.0,34,21014.0,MNQH25
2025-01-06T04:45:00.000000+0000,21014.0,21015.0,21012.5,21013.25,100.0,34,21013.5,MNQH25
2025-01-06T04:46:00.000000+0000,21013.25,21014.25,21011.75,21012.75,100.0,34,21013.0,MNQH25
2025-01-06T04:47:00.000000+0000,21012.75,21013.5,21011.5,21012.25,100.0,34,21012.5,MNQH25
2025-01-06T04:48:00.000000+0000,21012.25,21012.75,21011.5,21012.0,99.0,34,21012.0,MNQH25
2025-01-06T04:49:00.000000+0000,21012.0,21012.75,21011.5,21012.25,99.0,34,21012.25,MNQH25
2025-01-06T04:50:00.000000+0000,21012.25,21013.0,21011.5,21012.5,98.0,33,21012.5,MNQH25
2025-01-06T04:51:00.000000+0000,21012.5,21013.5,21011.75,21012.75,97.0,33,21012.75,MNQH25
2025-01-06T04:52:00.000000+0000,21012.75,21013.5,21012.25,21013.0,96.0,33,21013.0,MNQH25
2025-01-06T04:53:00.000000+0000,21013.0,21013.5,21012.25,21013.0,95.0,32,21013.0,MNQH25
2025-01-06T04:54:00.000000+0000,21013.0,21013.75,21011.75,21012.5,93.0,32,21012.5,MNQH25
2025-01-06T04:55:00.000000+0000,21012.5,21013.5,21011.25,21012.0,92.0,31,21012.25,MNQH25
2025-01-06T04:56:00.000000+0000,21012.0,21013.0,21010.75,21011.5,90.0,31,21011.75,MNQH25
2025-01-06T04:57:00.000000+0000,21011.5,21012.25,21010.25,21011.0,88.0,30,21011.0,MNQH25
2025-01-06T04:58:00.000000+0000,21011.0,21011.5,21010.25,21010.75,86.0,29,21010.75,MNQH25
2025-01-06T04:59:00.000000+0000,21010.75,21011.5,21010.25,21011.0,85.0,29,21011.0,MNQH25
2025-01-06T05:00:00.000000+0000,21011.0,21012.0,21010.25,21011.25,83.0,28,21011.25,MNQH25
2025-01-06T05:01:00.000000+0000,21011.25,21012.5,21010.5,21011.75,81.0,28,21011.5,MNQH25
2025-01-06T05:02:00.000000+0000,21011.75,21012.75,21011.0,21012.0,79.0,27,21012.0,MNQH25
2025-01-06T05:03:00.000000+0000,21012.0,21012.5,21011.5,21012.0,77.0,26,21012.0,MNQH25
2025-01-06T05:04:00.000000+0000,21012.0,21012.75,21011.25,21012.0,75.0,26,21012.0,MNQH25
2025-01-06T05:05:00.000000+0000,21012.0,21012.75,21010.75,21011.5,73.0,25,21011.5,MNQH25
2025-01-06T05:06:00.000000+0000,21011.5,21012.25,21010.25,21011.0,71.0,24,21011.0,MNQH25
2025-01-06T05:07:00.000000+0000,21011.0,21011.75,21009.75,21010.5,69.0,24,21010.5,MNQH25
2025-01-06T05:08:00.000000+0000,21010.5,21011.0,21009.75,21010.25,68.0,23,21010.25,MNQH25
2025-01-06T05:09:00.000000+0000,21010.25,21010.75,21009.75,21010.25,66.0,23,21010.25,MNQH25
2025-01-06T05:10:00.000000+0000,21010.25,21011.25,21009.5,21010.5,65.0,22,21010.5,MNQH25
2025-01-06T05:11:00.000000+0000,21010.5,21011.5,21009.75,21010.75,63.0,22,21010.75,MNQH25
2025-01-06T05:12:00.000000+0000,21010.75,21011.75,21010.25,21011.25,62.0,21,21011.0,MNQH25
2025-01-06T05:13:00.000000+0000,21011.25,21011.75,21010.75,21011.25,62.0,21,21011.25,MNQH25
2025-01-06T05:14:00.000000+0000,21011.25,21012.0,21010.5,21011.25,61.0,21,21011.25,MNQH25
2025-01-06T05:15:00.000000+0000,21011.25,21012.0,21009.75,21010.75,60.0,21,21010.75,MNQH25
2025-01-06T05:16:00.000000+0000,21010.75,21011.75,21009.25,21010.25,60.0,21,21010.5,MNQH25
2025-01-06T05:17:00.000000+0000,21010.25,21011.0,21008.5,21009.5,60.0,21,21009.5,MNQH25
2025-01-06T05:18:00.000000+0000,21009.5,21010.25,21008.25,21009.0,60.0,21,21009.0,MNQH25
2025-01-06T05:19:00.000000+0000,21009.0,21009.5,21008.5,21009.0,60.0,21,21009.0,MNQH25
2025-01-06T05:20:00.000000+0000,21009.0,21009.5,21008.25,21009.0,61.0,21,21009.0,MNQH25
2025-01-06T05:21:00.000000+0000,21009.0,21010.0,21008.5,21009.25,62.0,21,21009.25,MNQH25
2025-01-06T05:22:00.000000+0000,21009.25,21010.25,21008.75,21009.5,62.0,21,21009.5,MNQH25
2025-01-06T05:23:00.000000+0000,21009.5,21010.25,21009.25,21009.75,64.0,22,21009.75,MNQH25
2025-01-06T05:24:00.000000+0000,21009.75,21010.5,21009.0,21009.75,65.0,22,21009.75,MNQH25
2025-01-06T05:25:00.000000+0000,21009.75,21010.5,21008.25,21009.25,66.0,23,21009.25,MNQH25
2025-01-06T05:26:00.000000+0000,21009.25,21010.25,21007.75,21008.75,68.0,23,21009.0,MNQH25
2025-01-06T05:27:00.000000+0000,21008.75,21009.5,21007.25,21008.0,69.0,24,21008.25,MNQH25
2025-01-06T05:28:00.000000+0000,21008.0,21008.75,21006.75,21007.5,71.0,24,21007.5,MNQH25
2025-01-06T05:29:00.000000+0000,21007.5,21008.0,21006.75,21007.25,73.0,25,21007.25,MNQH25
2025-01-06T05:30:00.000000+0000,21007.25,21008.0,21006.75,21007.5,75.0,26,21007.5,MNQH25
2025-01-06T05:31:00.000000+0000,21007.5,21008.5,21006.75,21007.75,77.0,26,21007.75,MNQH25
2025-01-06T05:32:00.000000+0000,21007.75,21008.75,21007.0,21008.0,79.0,27,21008.0,MNQH25
2025-01-06T05:33:00.000000+0000,21008.0,21009.0,21007.5,21008.25,81.0,28,21008.25,MNQH25
2025-01-06T05:34:00.000000+0000,21008.25,21009.0,21007.75,21008.5,83.0,28,21008.5,MNQH25
2025-01-06T05:35:00.000000+0000,21008.5,21009.25,21007.5,21008.25,85.0,29,21008.25,MNQH25
2025-01-06T05:36:00.000000+0000,21008.25,21009.0,21007.0,21007.75,86.0,29,21008.0,MNQH25
2025-01-06T05:37:00.000000+0000,21007.75,21008.5,21006.25,21007.25,88.0,30,21007.25,MNQH25
2025-01-06T05:38:00.000000+0000,21007.25,21008.0,21006.0,21006.75,90.0,31,21007.0,MNQH25
2025-01-06T05:39:00.000000+0000,21006.75,21007.25,21006.0,21006.5,92.0,31,21006.5,MNQH25
2025-01-06T05:40:00.000000+0000,21006.5,21007.25,21006.0,21006.5,93.0,32,21006.5,MNQH25
2025-01-06T05:41:00.000000+0000,21006.5,21007.5,21005.75,21006.75,95.0,32,21006.75,MNQH25
2025-01-06T05:42:00.000000+0000,21006.75,21008.0,21006.25,21007.25,96.0,33,21007.25,MNQH25
2025-01-06T05:43:00.000000+0000,21007.25,21008.25,21006.5,21007.75,97.0,33,21007.5,MNQH25
2025-01-06T05:44:00.000000+0000,21007.75,21008.25,21007.25,21007.75,98.0,33,21007.75,MNQH25
2025-01-06T05:45:00.000000+0000,21007.75,21008.5,21007.0,21007.75,99.0,34,21007.75,MNQH25
2025-01-06T05:46:00.000000+0000,21007.75,21008.5,21006.5,21007.25,99.0,34,21007.5,MNQH25
2025-01-06T05:47:00.000000+0000,21007.25,21008.0,21005.75,21006.75,100.0,34,21006.75,MNQH25
2025-01-06T05:48:00.000000+0000,21006.75,21007.5,21005.25,21006.25,100.0,34,21006.25,MNQH25
2025-01-06T05:49:00.000000+0000,21006.25,21006.75,21005.0,21005.75,100.0,34,21005.75,MNQH25
2025-01-06T05:50:00.000000+0000,21005.75,21006.25,21005.25,21005.75,100.0,34,21005.75,MNQH25
2025-01-06T05:51:00.000000+0000,21005.75,21006.5,21005.0,21005.75,99.0,34,21005.75,MNQH25
2025-01-06T05:52:00.000000+0000,21005.75,21006.75,21005.25,21006.25,99.0,34,21006.0,MNQH25
2025-01-06T05:53:00.000000+0000,21006.25,21007.0,21005.5,21006.5,98.0,33,21006.5,MNQH25
2025-01-06T05:54:00.000000+0000,21006.5,21007.0,21006.0,21006.5,97.0,33,21006.5,MNQH25
2025-01-06T05:55:00.000000+0000,21006.5,21007.25,21005.75,21006.5,96.0,33,21006.5,MNQH25
2025-01-06T05:56:00.000000+0000,21006.5,21007.5,21005.25,21006.0,95.0,32,21006.25,MNQH25
2025-01-06T05:57:00.000000+0000,21006.0,21007.0,21004.5,21005.5,93.0,32,21005.5,MNQH25
2025-01-06T05:58:00.000000+0000,21005.5,21006.5,21004.0,21004.75,91.0,31,21005.0,MNQH25
2025-01-06T05:59:00.000000+0000,21004.75,21005.5,21003.5,21004.25,90.0,31,21004.5,MNQH25
2025-01-06T06:00:00.000000+0000,21004.25,21004.75,21003.5,21004.0,88.0,30,21004.0,MNQH25
2025-01-06T06:01:00.000000+0000,21004.0,21004.75,21003.5,21004.0,86.0,29,21004.0,MNQH25
2025-01-06T06:02:00.000000+0000,21004.0,21005.0,21003.5,21004.25,84.0,29,21004.25,MNQH25
2025-01-06T06:03:00.000000+0000,21004.25,21005.25,21003.75,21004.75,82.0,28,21004.5,MNQH25
2025-01-06T06:04:00.000000+0000,21004.75,21005.25,21004.25,21004.75,80.0,27,21004.75,MNQH25
2025-01-06T06:05:00.000000+0000,21004.75,21005.5,21004.25,21004.75,78.0,27,21004.75,MNQH25
2025-01-06T06:06:00.000000+0000,21004.75,21005.5,21003.5,21004.5,76.0,26,21004.5,MNQH25
2025-01-06T06:07:00.000000+0000,21004.5,21005.25,21003.0,21004.0,74.0,25,21004.0,MNQH25
2025-01-06T06:08:00.000000+0000,21004.0,21004.75,21002.25,21003.25,72.0,25,21003.5,MNQH25
2025-01-06T06:09:00.000000+0000,21003.25,21004.0,21002.0,21002.75,71.0,24,21003.0,MNQH25
2025-01-06T06:10:00.000000+0000,21002.75,21003.25,21002.0,21002.5,69.0,24,21002.5,MNQH25
2025-01-06T06:11:00.000000+0000,21002.5,21003.0,21002.0,21002.5,67.0,23,21002.5,MNQH25
2025-01-06T06:12:00.000000+0000,21002.5,21003.5,21001.75,21002.75,66.0,23,21002.75,MNQH25
2025-01-06T06:13:00.000000+0000,21002.75,21003.75,21002.0,21003.25,64.0,22,21003.0,MNQH25
2025-01-06T06:14:00.000000+0000,21003.25,21004.0,21002.5,21003.5,63.0,22,21003.5,MNQH25
2025-01-06T06:15:00.000000+0000,21003.5,21004.0,21003.0,21003.5,62.0,21,21003.5,MNQH25
2025-01-06T06:16:00.000000+0000,21003.5,21004.25,21002.75,21003.5,61.0,21,21003.5,MNQH25
2025-01-06T06:17:00.000000+0000,21003.5,21004.25,21002.0,21003.0,61.0,21,21003.0,MNQH25
2025-01-06T06:18:00.000000+0000,21003.0,21003.75,21001.5,21002.5,60.0,21,21002.5,MNQH25
2025-01-06T06:19:00.000000+0000,21002.5,21003.25,21001.0,21001.75,60.0,21,21002.0,MNQH25
2025-01-06T06:20:00.000000+0000,21001.75,21002.5,21001.0,21001.5,60.0,21,21001.5,MNQH25
2025-01-06T06:21:00.000000+0000,21001.5,21002.0,21001.0,21001.5,60.0,21,21001.5,MNQH25
2025-01-06T06:22:00.000000+0000,21001.5,21002.25,21000.75,21001.75,60.0,21,21001.5,MNQH25
2025-01-06T06:23:00.000000+0000,21001.75,21002.75,21001.0,21002.0,61.0,21,21002.0,MNQH25
2025-01-06T06:24:00.000000+0000,21002.0,21003.0,21001.25,21002.25,62.0,21,21002.25,MNQH25
2025-01-06T06:25:00.000000+0000,21002.25,21003.0,21001.75,21002.5,63.0,22,21002.5,MNQH25
2025-01-06T06:26:00.000000+0000,21002.5,21003.25,21001.5,21002.25,64.0,22,21002.25,MNQH25
2025-01-06T06:27:00.000000+0000,21002.25,21003.25,21001.0,21001.75,65.0,22,21002.0,MNQH25
2025-01-06T06:28:00.000000+0000,21001.75,21002.75,21000.25,21001.25,66.0,23,21001.5,MNQH25
2025-01-06T06:29:00.000000+0000,21001.25,21002.25,20999.75,21000.5,68.0,23,21000.75,MNQH25
2025-01-06T06:30:00.000000+0000,21000.5,21001.25,20999.25,21000.0,69.0,24,21000.0,MNQH25
2025-01-06T06:31:00.000000+0000,21000.0,21000.5,20999.25,20999.75,71.0,24,20999.75,MNQH25
2025-01-06T06:32:00.000000+0000,20999.75,21000.5,20999.25,21000.0,73.0,25,21000.0,MNQH25
2025-01-06T06:33:00.000000+0000,21000.0,21000.75,20999.25,21000.25,75.0,26,21000.0,MNQH25
2025-01-06T06:34:00.000000+0000,21000.25,21001.0,20999.5,21000.5,77.0,26,21000.5,MNQH25
2025-01-06T06:35:00.000000+0000,21000.5,21001.0,21000.0,21000.5,79.0,27,21000.5,MNQH25
2025-01-06T06:36:00.000000+0000,21000.5,21001.25,20999.75,21000.5,81.0,28,21000.5,MNQH25
2025-01-06T06:37:00.000000+0000,21000.5,21001.25,20999.25,21000.0,83.0,28,21000.0,MNQH25
2025-01-06T06:38:00.000000+0000,21000.0,21001.0,20998.5,20999.5,85.0,29,20999.5,MNQH25
2025-01-06T06:39:00.000000+0000,20999.5,21000.5,20997.75,20998.75,87.0,30,20999.0,MNQH25
2025-01-06T06:40:00.000000+0000,20998.75,20999.5,20997.25,20998.25,89.0,30,20998.25,MNQH25
2025-01-06T06:41:00.000000+0000,20998.25,20998.75,20997.25,20998.0,90.0,31,20998.0,MNQH25
2025-01-06T06:42:00.000000+0000,20998.0,20998.5,20997.5,20998.0,92.0,31,20998.0,MNQH25
2025-01-06T06:43:00.000000+0000,20998.0,20998.75,20997.25,20998.25,94.0,32,20998.0,MNQH25
2025-01-06T06:44:00.000000+0000,20998.25,20999.25,20997.5,20998.5,95.0,32,20998.5,MNQH25
2025-01-06T06:45:00.000000+0000,20998.5,20999.25,20998.0,20998.75,96.0,33,20998.75,MNQH25
2025-01-06T06:46:00.000000+0000,20998.75,20999.25,20998.25,20998.75,97.0,33,20998.75,MNQH25
2025-01-06T06:47:00.000000+0000,20998.75,20999.5,20997.75,20998.5,98.0,33,20998.5,MNQH25
2025-01-06T06:48:00.000000+0000,20998.5,20999.5,20997.25,20998.0,99.0,34,20998.25,MNQH25
2025-01-06T06:49:00.000000+0000,20998.0,20999.0,20996.75,20997.5,100.0,34,20997.75,MNQH25
2025-01-06T06:50:00.000000+0000,20997.5,20998.25,20996.25,20997.0,100.0,34,20997.0,MNQH25
2025-01-06T06:51:00.000000+0000,20997.0,20997.5,20996.0,20996.75,100.0,34,20996.75,MNQH25
2025-01-06T06:52:00.000000+0000,20996.75,20997.25,20996.25,20996.75,100.0,34,20996.75,MNQH25
2025-01-06T06:53:00.000000+0000,20996.75,20997.5,20996.0,20997.0,100.0,34,20997.0,MNQH25
2025-01-06T06:54:00.000000+0000,20997.0,20998.0,20996.25,20997.25,99.0,34,20997.25,MNQH25
2025-01-06T06:55:00.000000+0000,20997.25,20998.25,20996.75,20997.75,99.0,34,20997.5,MNQH25
2025-01-06T06:56:00.000000+0000,20997.75,20998.25,20997.25,20997.75,98.0,33,20997.75,MNQH25
2025-01-06T06:57:00.000000+0000,20997.75,20998.5,20997.0,20997.75,97.0,33,20997.75,MNQH25
2025-01-06T06:58:00.000000+0000,20997.75,20998.5,20996.25,20997.25,96.0,33,20997.25,MNQH25
2025-01-06T06:59:00.000000+0000,20997.25,20998.25,20995.75,20996.75,94.0,32,20997.0,MNQH25
2025-01-06T07:00:00.000000+0000,20996.75,20997.5,20995.25,20996.0,93.0,32,20996.25,MNQH25
2025-01-06T07:01:00.000000+0000,20996.0,20996.75,20995.0,20995.75,91.0,31,20995.75,MNQH25
2025-01-06T07:02:00.000000+0000,20995.75,20996.25,20995.0,20995.5,89.0,30,20995.5,MNQH25
2025-01-06T07:03:00.000000+0000,20995.5,20996.25,20995.0,20995.5,88.0,30,20995.5,MNQH25
2025-01-06T07:04:00.000000+0000,20995.5,20996.5,20995.0,20996.0,86.0,29,20996.0,MNQH25
2025-01-06T07:05:00.000000+0000,20996.0,20996.75,20995.25,20996.25,84.0,29,20996.0,MNQH25
2025-01-06T07:06:00.000000+0000,20996.25,20996.75,20995.75,20996.25,82.0,28,20996.25,MNQH25
2025-01-06T07:07:00.000000+0000,20996.25,20997.0,20995.5,20996.25,80.0,27,20996.25,MNQH25
2025-01-06T07:08:00.000000+0000,20996.25,20997.0,20994.75,20995.75,78.0,27,20995.75,MNQH25
2025-01-06T07:09:00.000000+0000,20995.75,20996.75,20994.25,20995.25,76.0,26,20995.5,MNQH25
2025-01-06T07:10:00.000000+0000,20995.25,20996.0,20993.5,20994.5,74.0,25,20994.5,MNQH25
2025-01-06T07:11:00.000000+0000,20994.5,20995.25,20993.0,20994.0,72.0,25,20994.0,MNQH25
2025-01-06T07:12:00.000000+0000,20994.0,20994.5,20993.0,20993.5,70.0,24,20993.5,MNQH25
2025-01-06T07:13:00.000000+0000,20993.5,20994.25,20993.0,20993.5,69.0,24,20993.5,MNQH25
2025-01-06T07:14:00.000000+0000,20993.5,20994.5,20993.0,20993.75,67.0,23,20993.75,MNQH25
2025-01-06T07:15:00.000000+0000,20993.75,20994.75,20993.25,20994.0,66.0,23,20994.0,MNQH25
2025-01-06T07:16:00.000000+0000,20994.0,20994.75,20993.5,20994.25,64.0,22,20994.25,MNQH25
2025-01-06T07:17:00.000000+0000,20994.25,20995.0,20993.75,20994.25,63.0,22,20994.25,MNQH25
2025-01-06T07:18:00.000000+0000,20994.25,20995.0,20993.25,20994.0,62.0,21,20994.0,MNQH25
2025-01-06T07:19:00.000000+0000,20994.0,20995.0,20992.5,20993.5,61.0,21,20993.5,MNQH25
2025-01-06T07:20:00.000000+0000,20993.5,20994.25,20992.0,20992.75,61.0,21,20993.0,MNQH25
2025-01-06T07:21:00.000000+0000,20992.75,20993.75,20991.5,20992.25,60.0,21,20992.5,MNQH25
2025-01-06T07:22:00.000000+0000,20992.25,20992.75,20991.25,20992.0,60.0,21,20992.0,MNQH25
2025-01-06T07:23:00.000000+0000,20992.0,20992.5,20991.5,20992.0,60.0,21,20992.0,MNQH25
2025-01-06T07:24:00.000000+0000,20992.0,20992.75,20991.25,20992.25,60.0,21,20992.0,MNQH25
2025-01-06T07:25:00.000000+0000,20992.25,20993.25,20991.5,20992.5,61.0,21,20992.5,MNQH25
2025-01-06T07:26:00.000000+0000,20992.5,20993.5,20992.0,20993.0,61.0,21,20993.0,MNQH25
2025-01-06T07:27:00.000000+0000,20993.0,20993.5,20992.5,20993.0,62.0,21,20993.0,MNQH25
2025-01-06T07:28:00.000000+0000,20993.0,20993.75,20992.25,20992.75,63.0,22,20993.0,MNQH25
2025-01-06T07:29:00.000000+0000,20992.75,20993.75,20991.5,20992.5,64.0,22,20992.5,MNQH25
2025-01-06T07:30:00.000000+0000,20992.5,20993.25,20991.0,20992.0,65.0,22,20992.0,MNQH25
2025-01-06T07:31:00.000000+0000,20992.0,20992.75,20990.5,20991.25,67.0,23,20991.5,MNQH25
2025-01-06T07:32:00.000000+0000,20991.25,20992.0,20990.25,20991.0,68.0,23,20991.0,MNQH25
2025-01-06T07:33:00.000000+0000,20991.0,20991.5,20990.5,20991.0,70.0,24,20991.0,MNQH25
2025-01-06T07:34:00.000000+0000,20991.0,20991.75,20990.25,20991.0,72.0,25,20991.0,MNQH25
2025-01-06T07:35:00.000000+0000,20991.0,20992.0,20990.5,20991.5,73.0,25,20991.5,MNQH25
2025-01-06T07:36:00.000000+0000,20991.5,20992.5,20990.75,20991.75,75.0,26,20991.75,MNQH25
2025-01-06T07:37:00.000000+0000,20991.75,20992.5,20991.25,20992.0,77.0,26,20992.0,MNQH25
2025-01-06T07:38:00.000000+0000,20992.0,20992.75,20991.0,20991.75,79.0,27,20991.75,MNQH25
2025-01-06T07:39:00.000000+0000,20991.75,20992.75,20990.5,20991.5,81.0,28,20991.5,MNQH25
2025-01-06T07:40:00.000000+0000,20991.5,20992.25,20989.75,20990.75,83.0,28,20991.0,MNQH25
2025-01-06T07:41:00.000000+0000,20990.75,20991.75,20989.25,20990.25,85.0,29,20990.5,MNQH25
2025-01-06T07:42:00.000000+0000,20990.25,20991.0,20988.75,20989.75,87.0,30,20989.75,MNQH25
2025-01-06T07:43:00.000000+0000,20989.75,20990.25,20988.75,20989.5,89.0,30,20989.5,MNQH25
2025-01-06T07:44:00.000000+0000,20989.5,20990.0,20988.75,20989.5,91.0,31,20989.5,MNQH25
2025-01-06T07:45:00.000000+0000,20989.5,20990.25,20988.75,20989.5,92.0,31,20989.5,MNQH25
2025-01-06T07:46:00.000000+0000,20989.5,20990.5,20989.0,20990.0,94.0,32,20990.0,MNQH25
2025-01-06T07:47:00.000000+0000,20990.0,20990.5,20989.5,20990.0,95.0,32,20990.0,MNQH25
2025-01-06T07:48:00.000000+0000,20990.0,20990.75,20989.25,20990.0,96.0,33,20990.0,MNQH25
2025-01-06T07:49:00.000000+0000,20990.0,20990.75,20988.75,20989.5,97.0,33,20989.5,MNQH25
2025-01-06T07:50:00.000000+0000,20989.5,20990.5,20988.0,20989.0,98.0,33,20989.0,MNQH25
2025-01-06T07:51:00.000000+0000,20989.0,20990.0,20987.25,20988.25,99.0,34,20988.5,MNQH25
2025-01-06T07:52:00.000000+0000,20988.25,20989.25,20987.0,20987.75,100.0,34,20988.0,MNQH25
2025-01-06T07:53:00.000000+0000,20987.75,20988.5,20986.75,20987.5,100.0,34,20987.5,MNQH25
2025-01-06T07:54:00.000000+0000,20987.5,20988.0,20987.0,20987.5,100.0,34,20987.5,MNQH25
2025-01-06T07:55:00.000000+0000,20987.5,20988.25,20986.75,20987.5,100.0,34,20987.5,MNQH25
2025-01-06T07:56:00.000000+0000,20987.5,20988.5,20987.0,20988.0,100.0,34,20988.0,MNQH25
2025-01-06T07:57:00.000000+0000,20988.0,20988.75,20987.5,20988.25,99.0,34,20988.25,MNQH25
2025-01-06T07:58:00.000000+0000,20988.25,20988.75,20987.75,20988.25,98.0,33,20988.25,MNQH25
2025-01-06T07:59:00.000000+0000,20988.25,20989.0,20987.25,20988.0,98.0,33,20988.0,MNQH25
2025-01-06T08:00:00.000000+0000,20988.0,20989.0,20986.75,20987.5,97.0,33,20987.75,MNQH25
2025-01-06T08:01:00.000000+0000,20987.5,20988.5,20986.25,20987.0,95.0,32,20987.25,MNQH25
2025-01-06T08:02:00.000000+0000,20987.0,20988.0,20985.75,20986.5,94.0,32,20986.75,MNQH25
2025-01-06T08:03:00.000000+0000,20986.5,20987.25,20985.5,20986.25,93.0,32,20986.25,MNQH25
2025-01-06T08:04:00.000000+0000,20986.25,20986.75,20985.5,20986.25,91.0,31,20986.25,MNQH25
2025-01-06T08:05:00.000000+0000,20986.25,20987.0,20985.5,20986.25,89.0,30,20986.25,MNQH25
2025-01-06T08:06:00.000000+0000,20986.25,20987.5,20985.75,20986.75,87.0,30,20986.75,MNQH25
2025-01-06T08:07:00.000000+0000,20986.75,20987.75,20986.0,20987.0,85.0,29,20987.0,MNQH25
2025-01-06T08:08:00.000000+0000,20987.0,20987.75,20986.5,20987.25,84.0,29,20987.25,MNQH25
2025-01-06T08:09:00.000000+0000,20987.25,20988.0,20986.5,20987.25,82.0,28,20987.25,MNQH25
2025-01-06T08:10:00.000000+0000,20987.25,20988.0,20986.0,20986.75,80.0,27,20987.0,MNQH25
2025-01-06T08:11:00.000000+0000,20986.75,20987.75,20985.25,20986.25,78.0,27,20986.5,MNQH25
2025-01-06T08:12:00.000000+0000,20986.25,20987.0,20984.75,20985.5,76.0,26,20985.75,MNQH25
2025-01-06T08:13:00.000000+0000,20985.5,20986.25,20984.5,20985.25,74.0,25,20985.25,MNQH25
2025-01-06T08:14:00.000000+0000,20985.25,20985.75,20984.5,20985.0,72.0,25,20985.0,MNQH25
2025-01-06T08:15:00.000000+0000,20985.0,20985.75,20984.5,20985.0,70.0,24,20985.0,MNQH25
2025-01-06T08:16:00.000000+0000,20985.0,20986.0,20984.5,20985.25,68.0,23,20985.25,MNQH25
2025-01-06T08:17:00.000000+0000,20985.25,20986.25,20984.75,20985.75,67.0,23,20985.5,MNQH25
2025-01-06T08:18:00.000000+0000,20985.75,20986.25,20985.25,20985.75,65.0,22,20985.75,MNQH25
2025-01-06T08:19:00.000000+0000,20985.75,20986.5,20985.0,20985.75,64.0,22,20985.75,MNQH25
2025-01-06T08:20:00.000000+0000,20985.75,20986.75,20984.5,20985.25,63.0,22,20985.5,MNQH25
2025-01-06T08:21:00.000000+0000,20985.25,20986.25,20983.75,20984.75,62.0,21,20985.0,MNQH25
2025-01-06T08:22:00.000000+0000,20984.75,20985.75,20983.0,20984.0,61.0,21,20984.25,MNQH25
2025-01-06T08:23:00.000000+0000,20984.0,20985.0,20982.5,20983.5,61.0,21,20983.5,MNQH25
2025-01-06T08:24:00.000000+0000,20983.5,20984.0,20982.5,20983.25,60.0,21,20983.25,MNQH25
2025-01-06T08:25:00.000000+0000,20983.25,20983.75,20982.5,20983.0,60.0,21,20983.0,MNQH25
2025-01-06T08:26:00.000000+0000,20983.0,20984.0,20982.5,20983.25,60.0,21,20983.25,MNQH25
2025-01-06T08:27:00.000000+0000,20983.25,20984.25,20982.75,20983.5,60.0,21,20983.5,MNQH25
2025-01-06T08:28:00.000000+0000,20983.5,20984.25,20983.0,20983.75,61.0,21,20983.75,MNQH25
2025-01-06T08:29:00.000000+0000,20983.75,20984.5,20983.25,20983.75,61.0,21,20983.75,MNQH25
2025-01-06T08:30:00.000000+0000,20983.75,20984.5,20982.75,20983.5,62.0,21,20983.5,MNQH25
2025-01-06T08:31:00.000000+0000,20983.5,20984.5,20982.0,20983.0,63.0,22,20983.0,MNQH25
2025-01-06T08:32:00.000000+0000,20983.0,20984.0,20981.5,20982.25,64.0,22,20982.5,MNQH25
2025-01-06T08:33:00.000000+0000,20982.25,20983.25,20981.0,20981.75,65.0,22,20982.0,MNQH25
2025-01-06T08:34:00.000000+0000,20981.75,20982.5,20980.75,20981.5,67.0,23,20981.5,MNQH25
2025-01-06T08:35:00.000000+0000,20981.5,20982.0,20981.0,20981.5,68.0,23,20981.5,MNQH25
2025-01-06T08:36:00.000000+0000,20981.5,20982.25,20980.75,20981.5,70.0,24,20981.5,MNQH25
2025-01-06T08:37:00.000000+0000,20981.5,20982.75,20981.0,20982.0,72.0,25,20982.0,MNQH25
2025-01-06T08:38:00.000000+0000,20982.0,20983.0,20981.25,20982.25,74.0,25,20982.25,MNQH25
2025-01-06T08:39:00.000000+0000,20982.25,20983.0,20981.75,20982.5,76.0,26,20982.5,MNQH25
2025-01-06T08:40:00.000000+0000,20982.5,20983.25,20981.75,20982.25,78.0,27,20982.5,MNQH25
2025-01-06T08:41:00.000000+0000,20982.25,20983.25,20981.0,20982.0,80.0,27,20982.0,MNQH25
2025-01-06T08:42:00.000000+0000,20982.0,20982.75,20980.5,20981.5,82.0,28,20981.5,MNQH25
2025-01-06T08:43:00.000000+0000,20981.5,20982.25,20980.0,20980.75,84.0,29,20981.0,MNQH25
2025-01-06T08:44:00.000000+0000,20980.75,20981.5,20979.75,20980.5,86.0,29,20980.5,MNQH25
2025-01-06T08:45:00.000000+0000,20980.5,20981.0,20980.0,20980.25,87.0,30,20980.5,MNQH25
2025-01-06T08:46:00.000000+0000,20980.25,20981.25,20979.75,20980.5,89.0,30,20980.5,MNQH25
2025-01-06T08:47:00.000000+0000,20980.5,20981.5,20980.0,20980.75,91.0,31,20980.75,MNQH25
2025-01-06T08:48:00.000000+0000,20980.75,20981.75,20980.25,20981.25,93.0,32,20981.0,MNQH25
2025-01-06T08:49:00.000000+0000,20981.25,20982.0,20980.75,20981.5,94.0,32,20981.5,MNQH25
2025-01-06T08:50:00.000000+0000,20981.5,20982.0,20980.75,20981.25,95.0,32,20981.25,MNQH25
2025-01-06T08:51:00.000000+0000,20981.25,20982.25,20980.0,20981.0,97.0,33,20981.0,MNQH25
2025-01-06T08:52:00.000000+0000,20981.0,20982.0,20979.5,20980.25,98.0,33,20980.5,MNQH25
2025-01-06T08:53:00.000000+0000,20980.25,20981.25,20978.75,20979.75,98.0,33,20980.0,MNQH25
2025-01-06T08:54:00.000000+0000,20979.75,20980.5,20978.25,20979.25,99.0,34,20979.25,MNQH25
2025-01-06T08:55:00.000000+0000,20979.25,20979.75,20978.25,20979.0,100.0,34,20979.0,MNQH25
2025-01-06T08:56:00.000000+0000,20979.0,20979.5,20978.5,20979.0,100.0,34,20979.0,MNQH25
2025-01-06T08:57:00.000000+0000,20979.0,20979.75,20978.25,20979.0,100.0,34,20979.0,MNQH25
2025-01-06T08:58:00.000000+0000,20979.0,20980.0,20978.5,20979.5,100.0,34,20979.5,MNQH25
2025-01-06T08:59:00.000000+0000,20979.5,20980.0,20979.0,20979.5,100.0,34,20979.5,MNQH25
2025-01-06T09:00:00.000000+0000,20979.5,20980.25,20978.75,20979.5,99.0,34,20979.5,MNQH25
2025-01-06T09:01:00.000000+0000,20979.5,20980.5,20978.25,20979.25,98.0,33,20979.25,MNQH25
2025-01-06T09:02:00.000000+0000,20979.25,20980.25,20977.5,20978.5,97.0,33,20978.75,MNQH25
2025-01-06T09:03:00.000000+0000,20978.5,20979.5,20977.0,20978.0,96.0,33,20978.0,MNQH25
2025-01-06T09:04:00.000000+0000,20978.0,20978.75,20976.5,20977.25,95.0,32,20977.5,MNQH25
2025-01-06T09:05:00.000000+0000,20977.25,20978.0,20976.25,20977.0,94.0,32,20977.0,MNQH25
2025-01-06T09:06:00.000000+0000,20977.0,20977.5,20976.5,20977.0,92.0,31,20977.0,MNQH25
2025-01-06T09:07:00.000000+0000,20977.0,20977.75,20976.25,20977.0,91.0,31,20977.0,MNQH25
2025-01-06T09:08:00.000000+0000,20977.0,20978.0,20976.5,20977.5,89.0,30,20977.5,MNQH25
2025-01-06T09:09:00.000000+0000,20977.5,20978.25,20976.75,20977.75,87.0,30,20977.5,MNQH25
2025-01-06T09:10:00.000000+0000,20977.75,20978.25,20977.25,20977.75,85.0,29,20977.75,MNQH25
2025-01-06T09:11:00.000000+0000,20977.75,20978.5,20976.75,20977.5,83.0,28,20977.5,MNQH25
2025-01-06T09:12:00.000000+0000,20977.5,20978.5,20976.25,20977.25,81.0,28,20977.25,MNQH25
2025-01-06T09:13:00.000000+0000,20977.25,20978.0,20975.75,20976.5,79.0,27,20976.75,MNQH25
2025-01-06T09:14:00.000000+0000,20976.5,20977.5,20975.25,20976.0,77.0,26,20976.25,MNQH25
2025-01-06T09:15:00.000000+0000,20976.0,20976.75,20975.0,20975.75,75.0,26,20975.75,MNQH25
2025-01-06T09:16:00.000000+0000,20975.75,20976.25,20975.0,20975.5,73.0,25,20975.5,MNQH25
2025-01-06T09:17:00.000000+0000,20975.5,20976.5,20975.0,20975.75,72.0,25,20975.75,MNQH25
2025-01-06T09:18:00.000000+0000,20975.75,20976.75,20975.0,20976.25,70.0,24,20976.0,MNQH25
2025-01-06T09:19:00.000000+0000,20976.25,20977.25,20975.5,20976.5,68.0,23,20976.5,MNQH25
2025-01-06T09:20:00.000000+0000,20976.5,20977.25,20976.0,20976.75,67.0,23,20976.75,MNQH25
2025-01-06T09:21:00.000000+0000,20976.75,20977.5,20976.0,20976.75,65.0,22,20976.75,MNQH25
2025-01-06T09:22:00.000000+0000,20976.75,20977.5,20975.5,20976.25,64.0,22,20976.5,MNQH25
2025-01-06T09:23:00.000000+0000,20976.25,20977.25,20974.75,20975.75,63.0,22,20976.0,MNQH25
2025-01-06T09:24:00.000000+0000,20975.75,20976.75,20974.25,20975.25,62.0,21,20975.5,MNQH25
2025-01-06T09:25:00.000000+0000,20975.25,20976.0,20974.0,20974.75,61.0,21,20975.0,MNQH25
2025-01-06T09:26:00.000000+0000,20974.75,20975.25,20974.0,20974.5,61.0,21,20974.5,MNQH25
2025-01-06T09:27:00.000000+0000,20974.5,20975.0,20974.0,20974.5,60.0,21,20974.5,MNQH25
2025-01-06T09:28:00.000000+0000,20974.5,20975.5,20974.0,20974.75,60.0,21,20974.75,MNQH25
2025-01-06T09:29:00.000000+0000,20974.75,20975.75,20974.25,20975.25,60.0,21,20975.0,MNQH25
2025-01-06T09:30:00.000000+0000,20975.25,20975.75,20974.75,20975.25,60.0,21,20975.25,MNQH25
2025-01-06T09:31:00.000000+0000,20975.25,20976.0,20974.5,20975.25,61.0,21,20975.25,MNQH25
2025-01-06T09:32:00.000000+0000,20975.25,20976.25,20974.0,20975.0,61.0,21,20975.0,MNQH25
2025-01-06T09:33:00.000000+0000,20975.0,20975.75,20973.25,20974.25,62.0,21,20974.5,MNQH25
2025-01-06T09:34:00.000000+0000,20974.25,20975.25,20972.75,20973.5,63.0,22,20973.75,MNQH25
2025-01-06T09:35:00.000000+0000,20973.5,20974.5,20972.25,20973.0,64.0,22,20973.25,MNQH25
2025-01-06T09:36:00.000000+0000,20973.0,20973.75,20972.0,20972.75,66.0,23,20972.75,MNQH25
2025-01-06T09:37:00.000000+0000,20972.75,20973.25,20972.25,20972.5,67.0,23,20972.5,MNQH25
2025-01-06T09:38:00.000000+0000,20972.5,20973.25,20972.0,20972.75,69.0,24,20972.75,MNQH25
2025-01-06T09:39:00.000000+0000,20972.75,20973.75,20972.25,20973.0,70.0,24,20973.0,MNQH25
2025-01-06T09:40:00.000000+0000,20973.0,20973.75,20972.5,20973.25,72.0,25,20973.25,MNQH25
2025-01-06T09:41:00.000000+0000,20973.25,20973.75,20972.75,20973.25,74.0,25,20973.25,MNQH25
2025-01-06T09:42:00.000000+0000,20973.25,20974.0,20972.25,20973.0,76.0,26,20973.0,MNQH25
2025-01-06T09:43:00.000000+0000,20973.0,20974.0,20971.5,20972.5,78.0,27,20972.5,MNQH25
2025-01-06T09:44:00.000000+0000,20972.5,20973.5,20971.0,20972.0,80.0,27,20972.0,MNQH25
2025-01-06T09:45:00.000000+0000,20972.0,20972.75,20970.5,20971.25,82.0,28,20971.5,MNQH25
2025-01-06T09:46:00.000000+0000,20971.25,20972.0,20970.25,20971.0,84.0,29,20971.0,MNQH25
2025-01-06T09:47:00.000000+0000,20971.0,20971.5,20970.25,20970.75,86.0,29,20970.75,MNQH25
2025-01-06T09:48:00.000000+0000,20970.75,20971.75,20970.25,20971.0,88.0,30,20971.0,MNQH25
2025-01-06T09:49:00.000000+0000,20971.0,20972.0,20970.5,20971.5,90.0,31,20971.5,MNQH25
2025-01-06T09:50:00.000000+0000,20971.5,20972.5,20970.75,20971.75,91.0,31,20971.75,MNQH25
2025-01-06T09:51:00.000000+0000,20971.75,20972.5,20971.25,20972.0,93.0,32,20972.0,MNQH25
2025-01-06T09:52:00.000000+0000,20972.0,20972.5,20971.25,20971.75,94.0,32,20971.75,MNQH25
2025-01-06T09:53:00.000000+0000,20971.75,20972.75,20970.5,20971.5,96.0,33,20971.5,MNQH25
2025-01-06T09:54:00.000000+0000,20971.5,20972.25,20970.0,20971.0,97.0,33,20971.0,MNQH25
2025-01-06T09:55:00.000000+0000,20971.0,20971.75,20969.5,20970.25,98.0,33,20970.5,MNQH25
2025-01-06T09:56:00.000000+0000,20970.25,20971.0,20969.25,20970.0,99.0,34,20970.0,MNQH25
2025-01-06T09:57:00.000000+0000,20970.0,20970.5,20969.5,20969.75,99.0,34,20970.0,MNQH25
2025-01-06T09:58:00.000000+0000,20969.75,20970.5,20969.25,20970.0,100.0,34,20970.0,MNQH25
2025-01-06T09:59:00.000000+0000,20970.0,20971.0,20969.25,20970.25,100.0,34,20970.25,MNQH25
2025-01-06T10:00:00.000000+0000,20970.25,20971.5,20969.5,20970.75,100.0,34,20970.5,MNQH25
2025-01-06T10:01:00.000000+0000,20970.75,20972.0,20969.75,20971.25,100.0,34,20971.0,MNQH25
2025-01-06T10:02:00.000000+0000,20971.25,20972.0,20970.5,20971.5,99.0,34,20971.5,MNQH25
2025-01-06T10:03:00.000000+0000,20971.5,20972.0,20970.75,20971.25,99.0,34,20971.25,MNQH25
2025-01-06T10:04:00.000000+0000,20971.25,20972.0,20970.5,20971.0,98.0,33,20971.0,MNQH25
2025-01-06T10:05:00.000000+0000,20971.0,20971.75,20970.0,20970.75,97.0,33,20970.75,MNQH25
2025-01-06T10:06:00.000000+0000,20970.75,20971.25,20970.0,20970.5,96.0,33,20970.5,MNQH25
2025-01-06T10:07:00.000000+0000,20970.5,20971.0,20970.0,20970.5,95.0,32,20970.5,MNQH25
2025-01-06T10:08:00.000000+0000,20970.5,20971.5,20969.75,20970.75,94.0,32,20970.75,MNQH25
2025-01-06T10:09:00.000000+0000,20970.75,20972.25,20970.0,20971.25,92.0,31,20971.25,MNQH25
2025-01-06T10:10:00.000000+0000,20971.25,20972.75,20970.25,20971.75,90.0,31,20971.5,MNQH25
2025-01-06T10:11:00.000000+0000,20971.75,20973.0,20971.0,20972.25,89.0,30,20972.0,MNQH25
2025-01-06T10:12:00.000000+0000,20972.25,20973.25,20971.75,20972.5,87.0,30,20972.5,MNQH25
2025-01-06T10:13:00.000000+0000,20972.5,20973.25,20972.0,20972.5,85.0,29,20972.5,MNQH25
2025-01-06T10:14:00.000000+0000,20972.5,20973.25,20971.75,20972.25,83.0,28,20972.5,MNQH25
2025-01-06T10:15:00.000000+0000,20972.25,20973.0,20971.25,20972.0,81.0,28,20972.0,MNQH25
2025-01-06T10:16:00.000000+0000,20972.0,20972.5,20971.0,20971.5,79.0,27,20971.5,MNQH25
2025-01-06T10:17:00.000000+0000,20971.5,20972.0,20971.0,20971.5,77.0,26,20971.5,MNQH25
2025-01-06T10:18:00.000000+0000,20971.5,20972.5,20970.75,20971.75,75.0,26,20971.75,MNQH25
2025-01-06T10:19:00.000000+0000,20971.75,20973.0,20970.75,20972.25,73.0,25,20972.0,MNQH25
2025-01-06T10:20:00.000000+0000,20972.25,20973.75,20971.25,20972.75,71.0,24,20972.5,MNQH25
2025-01-06T10:21:00.000000+0000,20972.75,20974.25,20972.0,20973.25,69.0,24,20973.25,MNQH25
2025-01-06T10:22:00.000000+0000,20973.25,20974.5,20972.75,20973.75,68.0,23,20973.75,MNQH25
2025-01-06T10:23:00.000000+0000,20973.75,20974.25,20973.25,20974.0,66.0,23,20974.0,MNQH25
2025-01-06T10:24:00.000000+0000,20974.0,20974.5,20973.25,20973.75,65.0,22,20973.75,MNQH25
2025-01-06T10:25:00.000000+0000,20973.75,20974.25,20973.0,20973.5,64.0,22,20973.5,MNQH25
2025-01-06T10:26:00.000000+0000,20973.5,20974.0,20972.75,20973.25,63.0,22,20973.25,MNQH25
2025-01-06T10:27:00.000000+0000,20973.25,20973.75,20972.75,20973.25,62.0,21,20973.25,MNQH25
2025-01-06T10:28:00.000000+0000,20973.25,20974.0,20972.25,20973.25,61.0,21,20973.25,MNQH25
2025-01-06T10:29:00.000000+0000,20973.25,20974.75,20972.25,20973.75,60.0,21,20973.5,MNQH25
2025-01-06T10:30:00.000000+0000,20973.75,20975.5,20972.75,20974.5,60.0,21,20974.25,MNQH25
2025-01-06T10:31:00.000000+0000,20974.5,20976.0,20973.5,20975.0,60.0,21,20975.0,MNQH25
2025-01-06T10:32:00.000000+0000,20975.0,20976.5,20974.25,20975.75,60.0,21,20975.5,MNQH25
2025-01-06T10:33:00.000000+0000,20975.75,20976.5,20975.0,20976.0,60.0,21,20976.0,MNQH25
2025-01-06T10:34:00.000000+0000,20976.0,20976.5,20975.25,20975.75,61.0,21,20975.75,MNQH25
2025-01-06T10:35:00.000000+0000,20975.75,20976.5,20975.0,20975.5,61.0,21,20975.5,MNQH25
2025-01-06T10:36:00.000000+0000,20975.5,20976.25,20974.75,20975.25,62.0,21,20975.5,MNQH25
2025-01-06T10:37:00.000000+0000,20975.25,20975.75,20974.75,20975.25,63.0,22,20975.25,MNQH25
2025-01-06T10:38:00.000000+0000,20975.25,20975.75,20974.5,20975.25,65.0,22,20975.25,MNQH25
2025-01-06T10:39:00.000000+0000,20975.25,20976.5,20974.25,20975.5,66.0,23,20975.5,MNQH25
2025-01-06T10:40:00.000000+0000,20975.5,20977.0,20974.75,20976.0,67.0,23,20976.0,MNQH25
2025-01-06T10:41:00.000000+0000,20976.0,20977.75,20975.25,20976.75,69.0,24,20976.5,MNQH25
2025-01-06T10:42:00.000000+0000,20976.75,20978.0,20976.0,20977.25,71.0,24,20977.0,MNQH25
2025-01-06T10:43:00.000000+0000,20977.25,20978.0,20976.75,20977.5,72.0,25,20977.5,MNQH25
2025-01-06T10:44:00.000000+0000,20977.5,20978.0,20977.0,20977.5,74.0,25,20977.5,MNQH25
2025-01-06T10:45:00.000000+0000,20977.5,20978.25,20976.5,20977.25,76.0,26,20977.25,MNQH25
2025-01-06T10:46:00.000000+0000,20977.25,20977.75,20976.25,20976.75,78.0,27,20977.0,MNQH25
2025-01-06T10:47:00.000000+0000,20976.75,20977.5,20976.0,20976.5,80.0,27,20976.5,MNQH25
2025-01-06T10:48:00.000000+0000,20976.5,20977.0,20976.0,20976.5,82.0,28,20976.5,MNQH25
2025-01-06T10:49:00.000000+0000,20976.5,20977.25,20975.75,20976.5,84.0,29,20976.5,MNQH25
2025-01-06T10:50:00.000000+0000,20976.5,20978.0,20975.75,20977.0,86.0,29,20977.0,MNQH25
2025-01-06T10:51:00.000000+0000,20977.0,20978.5,20976.25,20977.75,88.0,30,20977.5,MNQH25
2025-01-06T10:52:00.000000+0000,20977.75,20979.0,20976.75,20978.25,90.0,31,20978.0,MNQH25
2025-01-06T10:53:00.000000+0000,20978.25,20979.25,20977.5,20978.5,92.0,31,20978.5,MNQH25
2025-01-06T10:54:00.000000+0000,20978.5,20979.0,20978.0,20978.5,93.0,32,20978.5,MNQH25
2025-01-06T10:55:00.000000+0000,20978.5,20979.25,20977.75,20978.25,95.0,32,20978.5,MNQH25
2025-01-06T10:56:00.000000+0000,20978.25,20979.0,20977.5,20978.0,96.0,33,20978.0,MNQH25
2025-01-06T10:57:00.000000+0000,20978.0,20978.75,20977.0,20977.75,97.0,33,20977.75,MNQH25
2025-01-06T10:58:00.000000+0000,20977.75,20978.25,20977.25,20977.5,98.0,33,20977.5,MNQH25
2025-01-06T10:59:00.000000+0000,20977.5,20978.5,20976.75,20977.75,99.0,34,20977.75,MNQH25
2025-01-06T11:00:00.000000+0000,20977.75,20979.25,20976.75,20978.25,99.0,34,20978.0,MNQH25
2025-01-06T11:01:00.000000+0000,20978.25,20979.75,20977.25,20979.0,100.0,34,20978.75,MNQH25
2025-01-06T11:02:00.000000+0000,20979.0,20980.5,20978.0,20979.5,100.0,34,20979.5,MNQH25
2025-01-06T11:03:00.000000+0000,20979.5,20980.75,20978.75,20980.0,100.0,34,20980.0,MNQH25
2025-01-06T11:04:00.000000+0000,20980.0,20980.75,20979.5,20980.25,100.0,34,20980.25,MNQH25
2025-01-06T11:05:00.000000+0000,20980.25,20980.75,20979.75,20980.25,99.0,34,20980.25,MNQH25
2025-01-06T11:06:00.000000+0000,20980.25,20980.75,20979.5,20980.0,99.0,34,20980.0,MNQH25
2025-01-06T11:07:00.000000+0000,20980.0,20980.5,20979.25,20979.75,98.0,33,20979.75,MNQH25
2025-01-06T11:08:00.000000+0000,20979.75,20980.25,20979.25,20979.5,97.0,33,20979.5,MNQH25
2025-01-06T11:09:00.000000+0000,20979.5,20980.5,20978.75,20979.75,96.0,33,20979.75,MNQH25
2025-01-06T11:10:00.000000+0000,20979.75,20981.0,20978.75,20980.0,95.0,32,20980.0,MNQH25
2025-01-06T11:11:00.000000+0000,20980.0,20981.75,20979.25,20980.75,93.0,32,20980.5,MNQH25
2025-01-06T11:12:00.000000+0000,20980.75,20982.25,20979.75,20981.5,92.0,31,20981.25,MNQH25
2025-01-06T11:13:00.000000+0000,20981.5,20982.75,20980.5,20982.0,90.0,31,20981.75,MNQH25
2025-01-06T11:14:00.000000+0000,20982.0,20982.75,20981.25,20982.25,88.0,30,20982.0,MNQH25
2025-01-06T11:15:00.000000+0000,20982.25,20982.75,20981.75,20982.25,86.0,29,20982.25,MNQH25
2025-01-06T11:16:00.000000+0000,20982.25,20982.75,20981.25,20982.0,85.0,29,20982.0,MNQH25
2025-01-06T11:17:00.000000+0000,20982.0,20982.5,20981.0,20981.5,83.0,28,20981.5,MNQH25
2025-01-06T11:18:00.000000+0000,20981.5,20982.25,20980.75,20981.25,81.0,28,20981.5,MNQH25
2025-01-06T11:19:00.000000+0000,20981.25,20982.0,20980.75,20981.25,79.0,27,20981.25,MNQH25
2025-01-06T11:20:00.000000+0000,20981.25,20982.25,20980.5,20981.5,77.0,26,20981.5,MNQH25
2025-01-06T11:21:00.000000+0000,20981.5,20983.0,20980.75,20982.0,75.0,26,20982.0,MNQH25
2025-01-06T11:22:00.000000+0000,20982.0,20983.5,20981.25,20982.5,73.0,25,20982.5,MNQH25
2025-01-06T11:23:00.000000+0000,20982.5,20984.0,20981.75,20983.25,71.0,24,20983.0,MNQH25
2025-01-06T11:24:00.000000+0000,20983.25,20984.0,20982.5,20983.5,69.0,24,20983.5,MNQH25
2025-01-06T11:25:00.000000+0000,20983.5,20984.0,20983.0,20983.5,68.0,23,20983.5,MNQH25
2025-01-06T11:26:00.000000+0000,20983.5,20984.0,20982.5,20983.25,66.0,23,20983.25,MNQH25
2025-01-06T11:27:00.000000+0000,20983.25,20983.75,20982.25,20982.75,65.0,22,20983.0,MNQH25
2025-01-06T11:28:00.000000+0000,20982.75,20983.5,20981.75,20982.5,63.0,22,20982.5,MNQH25
2025-01-06T11:29:00.000000+0000,20982.5,20983.0,20982.0,20982.25,62.0,21,20982.5,MNQH25
2025-01-06T11:30:00.000000+0000,20982.25,20983.25,20981.5,20982.5,62.0,21,20982.5,MNQH25
2025-01-06T11:31:00.000000+0000,20982.5,20983.75,20981.5,20983.0,61.0,21,20982.75,MNQH25
2025-01-06T11:32:00.000000+0000,20983.0,20984.5,20982.0,20983.5,60.0,21,20983.5,MNQH25
2025-01-06T11:33:00.000000+0000,20983.5,20985.0,20982.75,20984.0,60.0,21,20984.0,MNQH25
2025-01-06T11:34:00.000000+0000,20984.0,20985.25,20983.5,20984.5,60.0,21,20984.5,MNQH25
2025-01-06T11:35:00.000000+0000,20984.5,20985.25,20984.0,20984.75,60.0,21,20984.75,MNQH25
2025-01-06T11:36:00.000000+0000,20984.75,20985.25,20984.0,20984.5,60.0,21,20984.5,MNQH25
2025-01-06T11:37:00.000000+0000,20984.5,20985.25,20983.75,20984.25,61.0,21,20984.5,MNQH25
2025-01-06T11:38:00.000000+0000,20984.25,20985.0,20983.5,20984.0,62.0,21,20984.0,MNQH25
2025-01-06T11:39:00.000000+0000,20984.0,20984.5,20983.5,20984.0,62.0,21,20984.0,MNQH25
2025-01-06T11:40:00.000000+0000,20984.0,20984.75,20983.25,20984.0,64.0,22,20984.0,MNQH25
2025-01-06T11:41:00.000000+0000,20984.0,20985.5,20983.25,20984.5,65.0,22,20984.5,MNQH25
2025-01-06T11:42:00.000000+0000,20984.5,20986.25,20983.5,20985.25,66.0,23,20985.0,MNQH25
2025-01-06T11:43:00.000000+0000,20985.25,20986.75,20984.25,20985.75,68.0,23,20985.5,MNQH25
2025-01-06T11:44:00.000000+0000,20985.75,20987.25,20985.0,20986.5,69.0,24,20986.25,MNQH25
2025-01-06T11:45:00.000000+0000,20986.5,20987.25,20985.75,20986.75,71.0,24,20986.5,MNQH25
2025-01-06T11:46:00.000000+0000,20986.75,20987.25,20986.25,20986.75,73.0,25,20986.75,MNQH25
2025-01-06T11:47:00.000000+0000,20986.75,20987.25,20985.75,20986.5,75.0,26,20986.5,MNQH25
2025-01-06T11:48:00.000000+0000,20986.5,20987.0,20985.5,20986.25,77.0,26,20986.25,MNQH25
2025-01-06T11:49:00.000000+0000,20986.25,20986.75,20985.5,20986.0,79.0,27,20986.0,MNQH25
2025-01-06T11:50:00.000000+0000,20986.0,20986.75,20985.25,20986.0,81.0,28,20986.0,MNQH25
2025-01-06T11:51:00.000000+0000,20986.0,20987.25,20985.25,20986.25,83.0,28,20986.25,MNQH25
2025-01-06T11:52:00.000000+0000,20986.25,20987.75,20985.5,20986.75,85.0,29,20986.75,MNQH25
2025-01-06T11:53:00.000000+0000,20986.75,20988.5,20986.0,20987.5,86.0,29,20987.5,MNQH25
2025-01-06T11:54:00.000000+0000,20987.5,20988.75,20986.75,20988.0,88.0,30,20988.0,MNQH25
2025-01-06T11:55:00.000000+0000,20988.0,20989.0,20987.5,20988.25,90.0,31,20988.25,MNQH25
2025-01-06T11:56:00.000000+0000,20988.25,20988.75,20987.75,20988.25,92.0,31,20988.25,MNQH25
2025-01-06T11:57:00.000000+0000,20988.25,20989.0,20987.5,20988.0,93.0,32,20988.0,MNQH25
2025-01-06T11:58:00.000000+0000,20988.0,20988.75,20987.0,20987.75,95.0,32,20987.75,MNQH25
2025-01-06T11:59:00.000000+0000,20987.75,20988.25,20986.75,20987.25,96.0,33,20987.5,MNQH25
2025-01-06T12:00:00.000000+0000,20987.25,20988.0,20986.75,20987.25,97.0,33,20987.25,MNQH25
2025-01-06T12:01:00.000000+0000,20987.25,20988.5,20986.5,20987.5,98.0,33,20987.5,MNQH25
2025-01-06T12:02:00.000000+0000,20987.5,20989.0,20986.5,20988.0,99.0,34,20988.0,MNQH25
2025-01-06T12:03:00.000000+0000,20988.0,20989.75,20987.0,20988.75,99.0,34,20988.5,MNQH25
2025-01-06T12:04:00.000000+0000,20988.75,20990.5,20987.75,20989.5,100.0,34,20989.25,MNQH25
2025-01-06T12:05:00.000000+0000,20989.5,20990.75,20988.75,20990.0,100.0,34,20990.0,MNQH25
2025-01-06T12:06:00.000000+0000,20990.0,20990.5,20989.5,20990.0,100.0,34,20990.0,MNQH25
2025-01-06T12:07:00.000000+0000,20990.0,20990.5,20989.5,20990.0,100.0,34,20990.0,MNQH25
2025-01-06T12:08:00.000000+0000,20990.0,20990.5,20989.25,20989.75,99.0,34,20989.75,MNQH25
2025-01-06T12:09:00.000000+0000,20989.75,20990.25,20989.0,20989.5,99.0,34,20989.5,MNQH25
2025-01-06T12:10:00.000000+0000,20989.5,20990.25,20989.0,20989.5,98.0,33,20989.5,MNQH25
2025-01-06T12:11:00.000000+0000,20989.5,20990.75,20988.75,20989.75,97.0,33,20989.75,MNQH25
2025-01-06T12:12:00.000000+0000,20989.75,20991.5,20988.75,20990.5,96.0,33,20990.25,MNQH25
2025-01-06T12:13:00.000000+0000,20990.5,20992.25,20989.25,20991.25,94.0,32,20991.0,MNQH25
2025-01-06T12:14:00.000000+0000,20991.25,20993.0,20990.0,20992.0,93.0,32,20991.75,MNQH25
2025-01-06T12:15:00.000000+0000,20992.0,20993.5,20991.0,20992.5,91.0,31,20992.5,MNQH25
2025-01-06T12:16:00.000000+0000,20992.5,20993.5,20991.75,20993.0,90.0,31,20992.75,MNQH25
2025-01-06T12:17:00.000000+0000,20993.0,20993.5,20992.5,20993.0,88.0,30,20993.0,MNQH25
2025-01-06T12:18:00.000000+0000,20993.0,20993.5,20992.5,20993.0,86.0,29,20993.0,MNQH25
2025-01-06T12:19:00.000000+0000,20993.0,20993.25,20992.25,20992.75,84.0,29,20992.75,MNQH25
2025-01-06T12:20:00.000000+0000,20992.75,20993.25,20992.25,20992.75,82.0,28,20992.75,MNQH25
2025-01-06T12:21:00.000000+0000,20992.75,20993.75,20992.0,20993.0,80.0,27,20993.0,MNQH25
2025-01-06T12:22:00.000000+0000,20993.0,20994.5,20992.0,20993.5,78.0,27,20993.5,MNQH25
2025-01-06T12:23:00.000000+0000,20993.5,20995.25,20992.25,20994.25,76.0,26,20994.0,MNQH25
2025-01-06T12:24:00.000000+0000,20994.25,20996.0,20993.0,20995.0,74.0,25,20994.75,MNQH25
2025-01-06T12:25:00.000000+0000,20995.0,20996.5,20994.0,20995.5,72.0,25,20995.5,MNQH25
2025-01-06T12:26:00.000000+0000,20995.5,20996.75,20994.75,20996.0,71.0,24,20996.0,MNQH25
2025-01-06T12:27:00.000000+0000,20996.0,20996.5,20995.5,20996.25,69.0,24,20996.0,MNQH25
2025-01-06T12:28:00.000000+0000,20996.25,20996.75,20995.5,20996.0,67.0,23,20996.0,MNQH25
2025-01-06T12:29:00.000000+0000,20996.0,20996.5,20995.25,20995.75,66.0,23,20995.75,MNQH25
2025-01-06T12:30:00.000000+0000,20995.75,20996.25,20995.25,20995.75,64.0,22,20995.75,MNQH25
2025-01-06T12:31:00.000000+0000,20995.75,20996.5,20995.0,20995.75,63.0,22,20995.75,MNQH25
2025-01-06T12:32:00.000000+0000,20995.75,20997.0,20994.75,20996.0,62.0,21,20996.0,MNQH25
2025-01-06T12:33:00.000000+0000,20996.0,20997.75,20995.0,20996.75,61.0,21,20996.5,MNQH25
2025-01-06T12:34:00.000000+0000,20996.75,20998.25,20995.75,20997.25,61.0,21,20997.0,MNQH25
2025-01-06T12:35:00.000000+0000,20997.25,20999.0,20996.5,20998.0,60.0,21,20998.0,MNQH25
2025-01-06T12:36:00.000000+0000,20998.0,20999.25,20997.25,20998.5,60.0,21,20998.5,MNQH25
2025-01-06T12:37:00.000000+0000,20998.5,20999.0,20998.0,20998.5,60.0,21,20998.5,MNQH25
2025-01-06T12:38:00.000000+0000,20998.5,20999.25,20998.0,20998.5,60.0,21,20998.5,MNQH25
2025-01-06T12:39:00.000000+0000,20998.5,20999.0,20997.75,20998.25,60.0,21,20998.25,MNQH25
2025-01-06T12:40:00.000000+0000,20998.25,20998.75,20997.5,20998.0,61.0,21,20998.0,MNQH25
2025-01-06T12:41:00.000000+0000,20998.0,20998.5,20997.5,20998.0,62.0,21,20998.0,MNQH25
2025-01-06T12:42:00.000000+0000,20998.0,20999.0,20997.25,20998.25,63.0,22,20998.25,MNQH25
2025-01-06T12:43:00.000000+0000,20998.25,20999.75,20997.25,20998.75,64.0,22,20998.5,MNQH25
2025-01-06T12:44:00.000000+0000,20998.75,21000.5,20997.75,20999.5,65.0,22,20999.25,MNQH25
2025-01-06T12:45:00.000000+0000,20999.5,21001.25,20998.5,21000.25,66.0,23,21000.0,MNQH25
2025-01-06T12:46:00.000000+0000,21000.25,21001.5,20999.25,21000.75,68.0,23,21000.5,MNQH25
2025-01-06T12:47:00.000000+0000,21000.75,21001.5,21000.0,21001.0,70.0,24,21001.0,MNQH25
2025-01-06T12:48:00.000000+0000,21001.0,21001.5,21000.5,21001.0,71.0,24,21001.0,MNQH25
2025-01-06T12:49:00.000000+0000,21001.0,21001.5,21000.5,21000.75,73.0,25,21001.0,MNQH25
2025-01-06T12:50:00.000000+0000,21000.75,21001.25,21000.25,21000.75,75.0,26,21000.75,MNQH25
2025-01-06T12:51:00.000000+0000,21000.75,21001.25,21000.25,21000.75,77.0,26,21000.75,MNQH25
2025-01-06T12:52:00.000000+0000,21000.75,21001.75,20999.75,21001.0,79.0,27,21001.0,MNQH25
2025-01-06T12:53:00.000000+0000,21001.0,21002.5,20999.75,21001.5,81.0,28,21001.25,MNQH25
2025-01-06T12:54:00.000000+0000,21001.5,21003.25,21000.25,21002.25,83.0,28,21002.0,MNQH25
2025-01-06T12:55:00.000000+0000,21002.25,21004.0,21001.0,21003.0,85.0,29,21002.75,MNQH25
2025-01-06T12:56:00.000000+0000,21003.0,21004.75,21002.0,21003.75,87.0,30,21003.5,MNQH25
2025-01-06T12:57:00.000000+0000,21003.75,21004.75,21003.0,21004.0,89.0,30,21004.0,MNQH25
2025-01-06T12:58:00.000000+0000,21004.0,21004.75,21003.75,21004.25,90.0,31,21004.25,MNQH25
2025-01-06T12:59:00.000000+0000,21004.25,21004.75,21003.75,21004.25,92.0,31,21004.25,MNQH25
2025-01-06T13:00:00.000000+0000,21004.25,21004.75,21003.25,21004.0,94.0,32,21004.0,MNQH25
2025-01-06T13:01:00.000000+0000,21004.0,21004.75,21002.75,21003.5,95.0,32,21003.5,MNQH25
2025-01-06T13:02:00.000000+0000,21003.5,21004.0,21003.0,21003.5,96.0,33,21003.5,MNQH25
2025-01-06T13:03:00.000000+0000,21003.5,21004.0,21002.75,21003.5,97.0,33,21003.5,MNQH25
2025-01-06T13:04:00.000000+0000,21003.5,21004.5,21002.75,21003.75,98.0,33,21003.75,MNQH25
2025-01-06T13:05:00.000000+0000,21003.75,21005.0,21003.0,21004.25,99.0,34,21004.0,MNQH25
2025-01-06T13:06:00.000000+0000,21004.25,21005.25,21003.5,21004.5,100.0,34,21004.5,MNQH25
2025-01-06T13:07:00.000000+0000,21004.5,21005.25,21004.25,21004.75,100.0,34,21004.75,MNQH25
2025-01-06T13:08:00.000000+0000,21004.75,21005.5,21003.75,21004.5,100.0,34,21004.5,MNQH25
2025-01-06T13:09:00.000000+0000,21004.5,21005.5,21003.25,21004.25,100.0,34,21004.25,MNQH25
2025-01-06T13:10:00.000000+0000,21004.25,21005.0,21002.75,21003.5,100.0,34,21003.75,MNQH25
2025-01-06T13:11:00.000000+0000,21003.5,21004.5,21002.25,21003.0,99.0,34,21003.25,MNQH25
2025-01-06T13:12:00.000000+0000,21003.0,21003.75,21002.0,21002.75,99.0,34,21002.75,MNQH25
2025-01-06T13:13:00.000000+0000,21002.75,21003.25,21002.25,21002.75,98.0,33,21002.75,MNQH25
2025-01-06T13:14:00.000000+0000,21002.75,21003.5,21002.0,21002.75,97.0,33,21002.75,MNQH25
2025-01-06T13:15:00.000000+0000,21002.75,21003.75,21002.25,21003.25,96.0,33,21003.0,MNQH25
2025-01-06T13:16:00.000000+0000,21003.25,21004.25,21002.5,21003.5,94.0,32,21003.5,MNQH25
2025-01-06T13:17:00.000000+0000,21003.5,21004.25,21003.0,21003.75,93.0,32,21003.75,MNQH25
2025-01-06T13:18:00.000000+0000,21003.75,21004.5,21003.0,21003.75,91.0,31,21003.75,MNQH25
2025-01-06T13:19:00.000000+0000,21003.75,21004.5,21002.5,21003.25,89.0,30,21003.5,MNQH25
2025-01-06T13:20:00.000000+0000,21003.25,21004.0,21002.0,21002.75,88.0,30,21003.0,MNQH25
2025-01-06T13:21:00.000000+0000,21002.75,21003.5,21001.5,21002.25,86.0,29,21002.5,MNQH25
2025-01-06T13:22:00.000000+0000,21002.25,21003.0,21001.25,21002.0,84.0,29,21002.0,MNQH25
2025-01-06T13:23:00.000000+0000,21002.0,21002.5,21001.25,21001.75,82.0,28,21001.75,MNQH25
2025-01-06T13:24:00.000000+0000,21001.75,21002.75,21001.0,21002.0,80.0,27,21002.0,MNQH25
2025-01-06T13:25:00.000000+0000,21002.0,21003.25,21001.25,21002.5,78.0,27,21002.5,MNQH25
2025-01-06T13:26:00.000000+0000,21002.5,21003.75,21001.75,21003.0,76.0,26,21003.0,MNQH25
2025-01-06T13:27:00.000000+0000,21003.0,21004.0,21002.25,21003.25,74.0,25,21003.25,MNQH25
2025-01-06T13:28:00.000000+0000,21003.25,21003.75,21002.75,21003.25,72.0,25,21003.25,MNQH25
2025-01-06T13:29:00.000000+0000,21003.25,21004.0,21002.5,21003.25,70.0,24,21003.25,MNQH25
2025-01-06T13:30:00.000000+0000,21003.25,21004.0,21002.0,21002.75,69.0,24,21003.0,MNQH25
2025-01-06T13:31:00.000000+0000,21002.75,21003.5,21001.5,21002.25,67.0,23,21002.5,MNQH25
2025-01-06T13:32:00.000000+0000,21002.25,21003.0,21001.25,21002.0,66.0,23,21002.0,MNQH25
2025-01-06T13:33:00.000000+0000,21002.0,21002.5,21001.25,21001.75,64.0,22,21001.75,MNQH25
2025-01-06T13:34:00.000000+0000,21001.75,21002.75,21001.25,21002.0,63.0,22,21002.0,MNQH25
2025-01-06T13:35:00.000000+0000,21002.0,21003.25,21001.25,21002.5,62.0,21,21002.5,MNQH25
2025-01-06T13:36:00.000000+0000,21002.5,21003.75,21001.75,21003.0,61.0,21,21003.0,MNQH25
2025-01-06T13:37:00.000000+0000,21003.0,21004.0,21002.25,21003.25,61.0,21,21003.25,MNQH25
2025-01-06T13:38:00.000000+0000,21003.25,21004.0,21002.75,21003.5,60.0,21,21003.5,MNQH25
2025-01-06T13:39:00.000000+0000,21003.5,21004.75,21002.0,21003.25,60.0,21,21003.25,MNQH25
2025-01-06T13:40:00.000000+0000,21003.25,21004.75,21001.0,21002.25,60.0,21,21002.5,MNQH25
2025-01-06T13:41:00.000000+0000,21002.25,21002.75,21002.0,21002.25,60.0,21,21002.25,MNQH25
2025-01-06T13:42:00.000000+0000,21002.25,21002.75,21002.0,21002.25,61.0,21,21002.25,MNQH25
2025-01-06T13:43:00.000000+0000,21002.25,21002.5,21002.0,21002.25,61.0,21,21002.25,MNQH25
2025-01-06T13:44:00.000000+0000,21002.25,21002.5,21001.75,21002.25,62.0,21,21002.25,MNQH25
2025-01-06T13:45:00.000000+0000,21002.25,21002.5,21001.75,21002.25,63.0,22,21002.25,MNQH25
2025-01-06T13:46:00.000000+0000,21002.25,21002.5,21001.75,21002.25,64.0,22,21002.25,MNQH25
2025-01-06T13:47:00.000000+0000,21002.25,21002.5,21001.75,21002.0,65.0,22,21002.0,MNQH25
2025-01-06T13:48:00.000000+0000,21002.0,21002.5,21001.75,21002.0,67.0,23,21002.0,MNQH25
2025-01-06T13:49:00.000000+0000,21002.0,21002.5,21001.75,21002.0,68.0,23,21002.0,MNQH25
2025-01-06T13:50:00.000000+0000,21002.0,21002.5,21001.5,21002.0,70.0,24,21002.0,MNQH25
2025-01-06T13:51:00.000000+0000,21002.0,21002.5,21001.5,21002.25,72.0,25,21002.0,MNQH25
2025-01-06T13:52:00.000000+0000,21002.25,21002.75,21001.75,21002.25,73.0,25,21002.25,MNQH25
2025-01-06T13:53:00.000000+0000,21002.25,21003.0,21001.75,21002.5,75.0,26,21002.5,MNQH25
2025-01-06T13:54:00.000000+0000,21002.5,21003.0,21002.0,21002.5,77.0,26,21002.5,MNQH25
2025-01-06T13:55:00.000000+0000,21002.5,21018.0,21001.5,21002.75,79.0,27,21006.25,MNQH25
2025-01-06T13:56:00.000000+0000,21002.75,21003.5,21001.5,21002.25,81.0,28,21002.5,MNQH25
2025-01-06T13:57:00.000000+0000,21002.25,21003.0,21001.0,21001.75,83.0,28,21002.0,MNQH25
2025-01-06T13:58:00.000000+0000,21001.75,21002.5,21000.75,21001.5,85.0,29,21001.5,MNQH25
2025-01-06T13:59:00.000000+0000,21001.5,21002.25,21000.25,21001.0,87.0,30,21001.0,MNQH25
2025-01-06T14:00:00.000000+0000,21001.0,21002.0,20999.5,21000.5,89.0,30,21000.5,MNQH25
2025-01-06T14:01:00.000000+0000,21000.5,21001.5,20998.5,20999.75,91.0,31,21000.0,MNQH25
2025-01-06T14:02:00.000000+0000,20999.75,21000.75,20997.75,20999.0,92.0,31,20999.0,MNQH25
2025-01-06T14:03:00.000000+0000,20999.0,21000.0,20997.0,20998.0,94.0,32,20998.25,MNQH25
2025-01-06T14:04:00.000000+0000,20998.0,20999.25,20996.25,20997.25,95.0,32,20997.5,MNQH25
2025-01-06T14:05:00.000000+0000,21000.5,21001.0,20985.0,20996.5,96.0,33,20994.75,MNQH25
2025-01-06T14:06:00.000000+0000,20996.5,20997.75,20995.75,20997.0,97.0,33,20997.0,MNQH25
2025-01-06T14:07:00.000000+0000,20997.0,20998.25,20996.25,20997.5,98.0,33,20997.5,MNQH25
2025-01-06T14:08:00.000000+0000,20997.5,20998.75,20996.75,20998.0,99.0,34,20998.0,MNQH25
2025-01-06T14:09:00.000000+0000,20998.0,20999.0,20997.25,20998.25,100.0,34,20998.25,MNQH25
2025-01-06T14:10:00.000000+0000,20998.25,20999.5,20997.5,20998.75,100.0,34,20998.5,MNQH25
2025-01-06T14:11:00.000000+0000,20998.75,21000.0,20998.0,20999.25,100.0,34,20999.0,MNQH25
2025-01-06T14:12:00.000000+0000,20999.25,21000.5,20998.5,20999.75,100.0,34,20999.5,MNQH25
2025-01-06T14:13:00.000000+0000,20999.75,21000.75,20999.0,21000.0,100.0,34,21000.0,MNQH25
2025-01-06T14:14:00.000000+0000,21000.0,21001.25,20999.25,21000.5,99.0,34,21000.5,MNQH25
2025-01-06T14:15:00.000000+0000,21000.5,21001.75,20999.75,21001.0,98.0,33,21001.0,MNQH25
2025-01-06T14:16:00.000000+0000,21001.0,21002.0,21000.25,21001.25,98.0,33,21001.25,MNQH25
2025-01-06T14:17:00.000000+0000,21001.25,21002.25,21000.75,21001.75,97.0,33,21001.5,MNQH25
2025-01-06T14:18:00.000000+0000,21001.75,21003.25,21000.25,21002.0,95.0,32,21002.0,MNQH25
2025-01-06T14:19:00.000000+0000,21002.0,21004.5,21000.75,21003.0,94.0,32,21002.75,MNQH25
2025-01-06T14:20:00.000000+0000,21003.0,21005.5,21001.75,21004.0,93.0,32,21003.75,MNQH25
2025-01-06T14:21:00.000000+0000,21004.0,21006.5,21002.75,21005.25,91.0,31,21005.0,MNQH25
2025-01-06T14:22:00.000000+0000,21006.0,21008.5,21005.75,21006.25,89.0,30,21006.75,MNQH25
2025-01-06T14:23:00.000000+0000,21006.25,21007.25,21004.25,21005.5,87.0,30,21005.5,MNQH25
2025-01-06T14:24:00.000000+0000,21005.5,21006.5,21003.5,21004.5,85.0,29,21004.75,MNQH25
2025-01-06T14:25:00.000000+0000,21004.5,21005.75,21002.75,21003.75,84.0,29,21004.0,MNQH25
2025-01-06T14:26:00.000000+0000,21003.75,21005.0,21002.0,21003.0,82.0,28,21003.25,MNQH25
2025-01-06T14:27:00.000000+0000,21003.0,21003.75,21002.0,21002.75,80.0,27,21002.75,MNQH25
2025-01-06T14:28:00.000000+0000,21002.75,21003.25,21001.75,21002.25,78.0,27,21002.5,MNQH25
2025-01-06T14:29:00.000000+0000,21002.25,21003.0,21001.25,21002.0,76.0,26,21002.0,MNQH25
2025-01-06T14:30:00.000000+0000,21002.0,21004.0,20999.5,21002.25,2600.0,867,21002.0,MNQH25
2025-01-06T14:31:00.000000+0000,21002.0,21005.0,21001.0,21004.0,2550.0,851,21003.5,MNQH25
2025-01-06T14:32:00.000000+0000,21004.0,21013.0,21003.75,21012.0,2500.0,834,21010.25,MNQH25
2025-01-06T14:33:00.000000+0000,21010.5,21015.0,21009.0,21011.5,2450.0,817,21011.75,MNQH25
2025-01-06T14:34:00.000000+0000,21011.5,21012.5,21010.0,21011.0,2400.0,801,21011.0,MNQH25
2025-01-06T14:35:00.000000+0000,21011.0,21014.5,21006.75,21010.25,2350.0,784,21010.5,MNQH25
2025-01-06T14:36:00.000000+0000,21010.0,21010.5,21006.5,21007.0,2300.0,767,21007.75,MNQH25
2025-01-06T14:37:00.000000+0000,21007.0,21007.5,21000.75,21003.0,2250.0,751,21003.5,MNQH25
2025-01-06T14:38:00.000000+0000,21003.0,21004.25,21002.0,21003.25,2200.0,734,21003.25,MNQH25
2025-01-06T14:39:00.000000+0000,21003.25,21005.0,21002.0,21004.0,2150.0,717,21003.75,MNQH25
2025-01-06T14:40:00.000000+0000,21004.0,21005.5,21003.5,21004.0,2100.0,701,21004.25,MNQH25
2025-01-06T14:41:00.000000+0000,21004.0,21005.0,21002.25,21003.25,2050.0,684,21003.5,MNQH25
2025-01-06T14:42:00.000000+0000,21003.25,21004.0,21002.25,21003.0,2000.0,667,21003.0,MNQH25
2025-01-06T14:43:00.000000+0000,21003.0,21003.5,21001.75,21002.5,1950.0,651,21002.5,MNQH25
2025-01-06T14:44:00.000000+0000,21002.5,21003.25,21001.5,21002.0,1900.0,634,21002.25,MNQH25
2025-01-06T14:45:00.000000+0000,21002.0,21002.75,21001.0,21001.75,1850.0,617,21001.75,MNQH25
2025-01-06T14:46:00.000000+0000,21001.75,21002.5,21000.75,21001.5,1800.0,601,21001.5,MNQH25
2025-01-06T14:47:00.000000+0000,21001.5,21002.75,20999.75,21001.0,1750.0,584,21001.0,MNQH25
2025-01-06T14:48:00.000000+0000,21001.0,21002.25,20998.75,21000.0,1700.0,567,21000.25,MNQH25
2025-01-06T14:49:00.000000+0000,21000.0,21001.25,20997.75,20999.0,1650.0,551,20999.25,MNQH25
2025-01-06T14:50:00.000000+0000,20999.0,21000.25,20996.75,20998.0,1600.0,534,20998.25,MNQH25
2025-01-06T14:51:00.000000+0000,20998.0,20999.25,20995.75,20997.0,1550.0,517,20997.25,MNQH25
2025-01-06T14:52:00.000000+0000,20997.0,20998.25,20994.75,20996.0,1500.0,501,20996.25,MNQH25
2025-01-06T14:53:00.000000+0000,20996.0,20997.25,20993.75,20995.0,1450.0,484,20995.25,MNQH25
2025-01-06T14:54:00.000000+0000,20995.0,20996.25,20992.75,20994.0,1400.0,467,20994.25,MNQH25
2025-01-06T14:55:00.000000+0000,20994.0,20995.25,20991.75,20993.0,1350.0,451,20993.25,MNQH25
2025-01-06T14:56:00.000000+0000,20993.0,20994.25,20990.75,20992.0,1300.0,434,20992.25,MNQH25
2025-01-06T14:57:00.000000+0000,20992.0,20993.25,20990.0,20991.0,1250.0,417,20991.25,MNQH25
2025-01-06T14:58:00.000000+0000,20991.0,20992.25,20989.0,20990.25,1200.0,401,20990.5,MNQH25
2025-01-06T14:59:00.000000+0000,20990.25,20991.5,20988.25,20989.5,1150.0,384,20989.75,MNQH25
2025-01-06T15:00:00.000000+0000,20989.5,20990.5,20987.25,20988.5,763.0,255,20988.75,MNQH25
2025-01-06T15:01:00.000000+0000,20988.5,20991.25,20985.75,20988.5,770.0,257,20988.5,MNQH25
2025-01-06T15:02:00.000000+0000,20987.0,20988.0,20984.25,20986.0,776.0,259,20986.0,MNQH25
2025-01-06T15:03:00.000000+0000,20986.0,20990.75,20983.5,20988.25,783.0,262,20987.75,MNQH25
2025-01-06T15:04:00.000000+0000,20988.25,20988.5,20987.75,20988.0,791.0,264,20988.0,MNQH25
2025-01-06T15:05:00.000000+0000,20988.0,20988.5,20987.5,20988.0,798.0,267,20988.0,MNQH25
2025-01-06T15:06:00.000000+0000,20988.0,20988.5,20987.5,20988.0,805.0,269,20988.0,MNQH25
2025-01-06T15:07:00.000000+0000,20988.0,20988.5,20987.75,20988.25,813.0,272,20988.25,MNQH25
2025-01-06T15:08:00.000000+0000,20988.25,20988.5,20987.75,20988.25,820.0,274,20988.25,MNQH25
2025-01-06T15:09:00.000000+0000,20988.25,20988.75,20987.75,20988.25,828.0,277,20988.25,MNQH25
2025-01-06T15:10:00.000000+0000,20988.25,20988.75,20988.0,20988.5,835.0,279,20988.5,MNQH25
2025-01-06T15:11:00.000000+0000,20988.5,20988.75,20988.0,20988.5,843.0,282,20988.5,MNQH25
2025-01-06T15:12:00.000000+0000,20988.5,20989.0,20988.0,20988.5,850.0,284,20988.5,MNQH25
2025-01-06T15:13:00.000000+0000,20988.5,20989.0,20988.25,20988.75,857.0,286,20988.75,MNQH25
2025-01-06T15:14:00.000000+0000,20988.75,20989.0,20988.25,20988.75,864.0,289,20988.75,MNQH25
2025-01-06T15:15:00.000000+0000,20988.75,20989.25,20988.25,20988.75,871.0,291,20988.75,MNQH25
2025-01-06T15:16:00.000000+0000,20988.75,20989.25,20988.5,20989.0,878.0,293,20989.0,MNQH25
2025-01-06T15:17:00.000000+0000,20989.0,20989.25,20988.5,20989.0,885.0,296,20989.0,MNQH25
2025-01-06T15:18:00.000000+0000,20989.0,20989.5,20988.5,20989.0,891.0,298,20989.0,MNQH25
2025-01-06T15:19:00.000000+0000,20989.0,20989.5,20988.75,20989.0,898.0,300,20989.0,MNQH25
2025-01-06T15:20:00.000000+0000,20989.0,20989.5,20988.75,20989.25,904.0,302,20989.25,MNQH25
2025-01-06T15:21:00.000000+0000,20989.25,20989.75,20988.75,20989.25,909.0,304,20989.25,MNQH25
2025-01-06T15:22:00.000000+0000,20989.25,20989.75,20989.0,20989.25,915.0,306,20989.25,MNQH25
2025-01-06T15:23:00.000000+0000,20989.25,20989.75,20989.0,20989.5,920.0,307,20989.5,MNQH25
2025-01-06T15:24:00.000000+0000,20989.5,20990.0,20989.0,20989.5,924.0,309,20989.5,MNQH25
2025-01-06T15:25:00.000000+0000,20989.5,20990.0,20989.25,20989.5,929.0,310,20989.5,MNQH25
2025-01-06T15:26:00.000000+0000,20989.5,20990.0,20989.25,20989.75,933.0,312,20989.75,MNQH25
2025-01-06T15:27:00.000000+0000,20989.75,20990.25,20989.25,20989.75,936.0,313,20989.75,MNQH25
2025-01-06T15:28:00.000000+0000,20989.75,20990.25,20989.5,20989.75,940.0,314,20989.75,MNQH25
2025-01-06T15:29:00.000000+0000,20989.75,20990.25,20989.5,20990.0,942.0,315,20990.0,MNQH25
2025-01-06T15:30:00.000000+0000,20990.0,20990.5,20989.5,20990.0,945.0,316,20990.0,MNQH25
2025-01-06T15:31:00.000000+0000,20990.0,20990.25,20989.75,20990.0,947.0,316,20990.0,MNQH25
2025-01-06T15:32:00.000000+0000,20990.0,20990.25,20989.75,20990.0,948.0,317,20990.0,MNQH25
2025-01-06T15:33:00.000000+0000,20990.0,20990.25,20989.75,20990.0,949.0,317,20990.0,MNQH25
2025-01-06T15:34:00.000000+0000,20990.0,20990.5,20989.75,20990.0,950.0,317,20990.0,MNQH25
2025-01-06T15:35:00.000000+0000,20990.0,20990.5,20989.75,20990.0,950.0,317,20990.0,MNQH25
2025-01-06T15:36:00.000000+0000,20990.0,20990.5,20989.75,20990.0,950.0,317,20990.0,MNQH25
2025-01-06T15:37:00.000000+0000,20990.0,20990.5,20989.75,20990.25,949.0,317,20990.25,MNQH25
2025-01-06T15:38:00.000000+0000,20990.25,20990.5,20989.75,20990.25,948.0,317,20990.25,MNQH25
2025-01-06T15:39:00.000000+0000,20990.25,20990.5,20989.75,20990.25,946.0,316,20990.25,MNQH25
2025-01-06T15:40:00.000000+0000,20990.25,20990.5,20989.75,20990.25,944.0,315,20990.25,MNQH25
2025-01-06T15:41:00.000000+0000,20990.25,20990.5,20989.75,20990.25,942.0,315,20990.25,MNQH25
2025-01-06T15:42:00.000000+0000,20990.25,20990.5,20990.0,20990.25,939.0,314,20990.25,MNQH25
2025-01-06T15:43:00.000000+0000,20990.25,20990.5,20990.0,20990.25,935.0,312,20990.25,MNQH25
2025-01-06T15:44:00.000000+0000,20990.25,20990.5,20990.0,20990.25,932.0,311,20990.25,MNQH25
2025-01-06T15:45:00.000000+0000,20990.25,20990.5,20990.0,20990.25,927.0,310,20990.25,MNQH25
2025-01-06T15:46:00.000000+0000,20990.25,20990.5,20990.0,20990.25,923.0,308,20990.25,MNQH25
2025-01-06T15:47:00.000000+0000,20990.25,20990.75,20990.0,20990.25,918.0,307,20990.25,MNQH25
2025-01-06T15:48:00.000000+0000,20990.25,20990.75,20990.0,20990.25,913.0,305,20990.25,MNQH25
2025-01-06T15:49:00.000000+0000,20990.25,20990.75,20990.0,20990.25,908.0,303,20990.25,MNQH25
2025-01-06T15:50:00.000000+0000,20990.25,20990.75,20990.0,20990.25,902.0,301,20990.25,MNQH25
2025-01-06T15:51:00.000000+0000,20990.25,20990.75,20990.0,20990.5,896.0,299,20990.5,MNQH25
2025-01-06T15:52:00.000000+0000,20990.5,20990.75,20990.0,20990.5,889.0,297,20990.5,MNQH25
2025-01-06T15:53:00.000000+0000,20990.5,20990.75,20990.0,20990.5,883.0,295,20990.5,MNQH25
2025-01-06T15:54:00.000000+0000,20990.5,20990.75,20990.0,20990.5,876.0,293,20990.5,MNQH25
2025-01-06T15:55:00.000000+0000,20990.5,20990.75,20990.0,20990.5,869.0,290,20990.5,MNQH25
2025-01-06T15:56:00.000000+0000,20990.5,20990.75,20990.25,20990.5,862.0,288,20990.5,MNQH25
2025-01-06T15:57:00.000000+0000,20990.5,20990.75,20990.25,20990.5,855.0,286,20990.5,MNQH25
2025-01-06T15:58:00.000000+0000,20990.5,20990.75,20990.25,20990.5,848.0,283,20990.5,MNQH25
2025-01-06T15:59:00.000000+0000,20990.5,20990.75,20990.25,20990.5,840.0,281,20990.5,MNQH25
2025-01-06T16:00:00.000000+0000,20990.5,20990.75,20990.25,20990.5,833.0,278,20990.5,MNQH25
2025-01-06T16:01:00.000000+0000,20990.5,20991.0,20990.25,20990.5,825.0,276,20990.5,MNQH25
2025-01-06T16:02:00.000000+0000,20990.5,20991.0,20990.25,20990.5,818.0,273,20990.5,MNQH25
2025-01-06T16:03:00.000000+0000,20990.5,20991.0,20990.25,20990.5,810.0,271,20990.5,MNQH25
2025-01-06T16:04:00.000000+0000,20990.5,20991.0,20990.25,20990.5,803.0,268,20990.5,MNQH25
2025-01-06T16:05:00.000000+0000,20990.5,20991.0,20990.25,20990.75,795.0,266,20990.75,MNQH25
2025-01-06T16:06:00.000000+0000,20990.75,20991.0,20990.25,20990.75,788.0,263,20990.75,MNQH25
2025-01-06T16:07:00.000000+0000,20990.75,20991.0,20990.25,20990.75,781.0,261,20990.75,MNQH25
2025-01-06T16:08:00.000000+0000,20990.75,20991.0,20990.25,20990.75,774.0,259,20990.75,MNQH25
2025-01-06T16:09:00.000000+0000,20990.75,20991.0,20990.25,20990.75,767.0,256,20990.75,MNQH25
2025-01-06T16:10:00.000000+0000,20990.75,20991.0,20990.5,20990.75,761.0,254,20990.75,MNQH25
2025-01-06T16:11:00.000000+0000,20990.75,20991.0,20990.5,20990.75,755.0,252,20990.75,MNQH25
2025-01-06T16:12:00.000000+0000,20990.75,20991.0,20990.5,20990.75,748.0,250,20990.75,MNQH25
2025-01-06T16:13:00.000000+0000,20990.75,20991.0,20990.5,20990.75,743.0,248,20990.75,MNQH25
2025-01-06T16:14:00.000000+0000,20990.75,20991.0,20990.5,20990.75,737.0,246,20990.75,MNQH25
2025-01-06T16:15:00.000000+0000,20990.75,20991.25,20990.5,20990.75,732.0,245,20990.75,MNQH25
2025-01-06T16:16:00.000000+0000,20990.75,20991.25,20990.5,20990.75,727.0,243,20990.75,MNQH25
2025-01-06T16:17:00.000000+0000,20990.75,20991.25,20990.5,20990.75,723.0,242,20990.75,MNQH25
2025-01-06T16:18:00.000000+0000,20990.75,20991.25,20990.5,20990.75,719.0,240,20990.75,MNQH25
2025-01-06T16:19:00.000000+0000,20990.75,20991.25,20990.5,20991.0,715.0,239,20991.0,MNQH25
2025-01-06T16:20:00.000000+0000,20991.0,20991.25,20990.5,20991.0,711.0,238,20991.0,MNQH25
2025-01-06T16:21:00.000000+0000,20991.0,20991.25,20990.5,20991.0,709.0,237,20991.0,MNQH25
2025-01-06T16:22:00.000000+0000,20991.0,20991.25,20990.5,20991.0,706.0,236,20991.0,MNQH25
2025-01-06T16:23:00.000000+0000,20991.0,20991.25,20990.75,20991.0,704.0,235,20991.0,MNQH25
2025-01-06T16:24:00.000000+0000,20991.0,20991.25,20990.75,20991.0,702.0,235,20991.0,MNQH25
2025-01-06T16:25:00.000000+0000,20991.0,20991.25,20990.75,20991.0,701.0,234,20991.0,MNQH25
2025-01-06T16:26:00.000000+0000,20991.0,20991.25,20990.75,20991.0,700.0,234,20991.0,MNQH25
2025-01-06T16:27:00.000000+0000,20991.0,20991.25,20990.75,20991.0,700.0,234,20991.0,MNQH25
2025-01-06T16:28:00.000000+0000,20991.0,20991.25,20990.75,20991.0,700.0,234,20991.0,MNQH25
2025-01-06T16:29:00.000000+0000,20991.0,20991.5,20990.75,20991.0,701.0,234,20991.0,MNQH25
2025-01-06T16:30:00.000000+0000,20991.0,20991.5,20990.75,20991.0,702.0,235,20991.0,MNQH25
2025-01-06T16:31:00.000000+0000,20991.0,20991.5,20990.75,20991.0,703.0,235,20991.0,MNQH25
2025-01-06T16:32:00.000000+0000,20991.0,20991.5,20990.75,20991.25,705.0,236,20991.25,MNQH25
2025-01-06T16:33:00.000000+0000,20991.25,20991.5,20990.75,20991.25,707.0,236,20991.25,MNQH25
2025-01-06T16:34:00.000000+0000,20991.25,20991.5,20990.75,20991.25,710.0,237,20991.25,MNQH25
2025-01-06T16:35:00.000000+0000,20991.25,20991.5,20990.75,20991.25,713.0,238,20991.25,MNQH25
2025-01-06T16:36:00.000000+0000,20991.25,20991.5,20990.75,20991.25,717.0,240,20991.25,MNQH25
2025-01-06T16:37:00.000000+0000,20991.25,20991.5,20991.0,20991.25,721.0,241,20991.25,MNQH25
2025-01-06T16:38:00.000000+0000,20991.25,20991.5,20991.0,20991.25,725.0,242,20991.25,MNQH25
2025-01-06T16:39:00.000000+0000,20991.25,20991.5,20991.0,20991.25,730.0,244,20991.25,MNQH25
2025-01-06T16:40:00.000000+0000,20991.25,20991.5,20991.0,20991.25,735.0,246,20991.25,MNQH25
2025-01-06T16:41:00.000000+0000,20991.25,20991.5,20991.0,20991.25,740.0,247,20991.25,MNQH25
2025-01-06T16:42:00.000000+0000,20991.25,20991.75,20991.0,20991.25,746.0,249,20991.25,MNQH25
2025-01-06T16:43:00.000000+0000,20991.25,20991.75,20991.0,20991.25,752.0,251,20991.25,MNQH25
2025-01-06T16:44:00.000000+0000,20991.25,20991.75,20991.0,20991.25,758.0,253,20991.25,MNQH25
2025-01-06T16:45:00.000000+0000,20991.25,20991.75,20991.0,20991.25,765.0,256,20991.25,MNQH25
2025-01-06T16:46:00.000000+0000,20991.25,20991.75,20991.0,20991.5,771.0,258,20991.5,MNQH25
2025-01-06T16:47:00.000000+0000,20991.5,20991.75,20991.0,20991.5,778.0,260,20991.5,MNQH25
2025-01-06T16:48:00.000000+0000,20991.5,20991.75,20991.0,20991.5,785.0,262,20991.5,MNQH25
2025-01-06T16:49:00.000000+0000,20991.5,20991.75,20991.0,20991.5,793.0,265,20991.5,MNQH25
2025-01-06T16:50:00.000000+0000,20991.5,20991.75,20991.0,20991.5,800.0,267,20991.5,MNQH25
2025-01-06T16:51:00.000000+0000,20991.5,20991.75,20991.25,20991.5,807.0,270,20991.5,MNQH25
2025-01-06T16:52:00.000000+0000,20991.5,20991.75,20991.25,20991.5,815.0,272,20991.5,MNQH25
2025-01-06T16:53:00.000000+0000,20991.5,20991.75,20991.25,20991.5,822.0,275,20991.5,MNQH25
2025-01-06T16:54:00.000000+0000,20991.5,20991.75,20991.25,20991.5,830.0,277,20991.5,MNQH25
2025-01-06T16:55:00.000000+0000,20991.5,20991.75,20991.25,20991.5,837.0,280,20991.5,MNQH25
2025-01-06T16:56:00.000000+0000,20991.5,20992.0,20991.25,20991.5,845.0,282,20991.5,MNQH25
2025-01-06T16:57:00.000000+0000,20991.5,20992.0,20991.25,20991.5,852.0,285,20991.5,MNQH25
2025-01-06T16:58:00.000000+0000,20991.5,20992.0,20991.25,20991.5,859.0,287,20991.5,MNQH25
2025-01-06T16:59:00.000000+0000,20991.5,20992.0,20991.25,20991.5,866.0,289,20991.5,MNQH25
2025-01-06T17:00:00.000000+0000,20991.5,20992.0,20991.25,20991.75,873.0,292,20991.75,MNQH25
2025-01-06T17:01:00.000000+0000,20991.75,20992.0,20991.25,20991.75,880.0,294,20991.75,MNQH25
2025-01-06T17:02:00.000000+0000,20991.75,20992.0,20991.25,20991.75,887.0,296,20991.75,MNQH25
2025-01-06T17:03:00.000000+0000,20991.75,20992.0,20991.25,20991.75,893.0,298,20991.75,MNQH25
2025-01-06T17:04:00.000000+0000,20991.75,20992.0,20991.25,20991.75,899.0,300,20991.75,MNQH25
2025-01-06T17:05:00.000000+0000,20991.75,20992.0,20991.5,20991.75,905.0,302,20991.75,MNQH25
2025-01-06T17:06:00.000000+0000,20991.75,20992.0,20991.5,20991.75,911.0,304,20991.75,MNQH25
2025-01-06T17:07:00.000000+0000,20991.75,20992.0,20991.5,20991.75,916.0,306,20991.75,MNQH25
2025-01-06T17:08:00.000000+0000,20991.75,20992.0,20991.5,20991.75,921.0,308,20991.75,MNQH25
2025-01-06T17:09:00.000000+0000,20991.75,20992.0,20991.5,20991.75,926.0,309,20991.75,MNQH25
2025-01-06T17:10:00.000000+0000,20991.75,20992.25,20991.5,20991.75,930.0,311,20991.75,MNQH25
2025-01-06T17:11:00.000000+0000,20991.75,20992.25,20991.5,20991.75,934.0,312,20991.75,MNQH25
2025-01-06T17:12:00.000000+0000,20991.75,20992.25,20991.5,20991.75,937.0,313,20991.75,MNQH25
2025-01-06T17:13:00.000000+0000,20991.75,20992.25,20991.5,20991.75,940.0,314,20991.75,MNQH25
2025-01-06T17:14:00.000000+0000,20991.75,20992.25,20991.5,20992.0,943.0,315,20992.0,MNQH25
2025-01-06T17:15:00.000000+0000,20992.0,20992.25,20991.5,20992.0,945.0,316,20992.0,MNQH25
2025-01-06T17:16:00.000000+0000,20992.0,20992.25,20991.5,20992.0,947.0,316,20992.0,MNQH25
2025-01-06T17:17:00.000000+0000,20992.0,20992.25,20991.5,20992.0,949.0,317,20992.0,MNQH25
2025-01-06T17:18:00.000000+0000,20992.0,20992.25,20991.75,20992.0,949.0,317,20992.0,MNQH25
2025-01-06T17:19:00.000000+0000,20992.0,20992.25,20991.75,20992.0,950.0,317,20992.0,MNQH25
2025-01-06T17:20:00.000000+0000,20992.0,20992.25,20991.75,20992.0,950.0,317,20992.0,MNQH25
2025-01-06T17:21:00.000000+0000,20992.0,20992.25,20991.75,20992.0,950.0,317,20992.0,MNQH25
2025-01-06T17:22:00.000000+0000,20992.0,20992.25,20991.75,20992.0,949.0,317,20992.0,MNQH25
2025-01-06T17:23:00.000000+0000,20992.0,20992.25,20991.75,20992.0,947.0,316,20992.0,MNQH25
2025-01-06T17:24:00.000000+0000,20992.0,20992.25,20991.75,20992.0,946.0,316,20992.0,MNQH25
2025-01-06T17:25:00.000000+0000,20992.0,20992.25,20991.75,20992.0,943.0,315,20992.0,MNQH25
2025-01-06T17:26:00.000000+0000,20992.0,20992.25,20991.75,20992.0,941.0,314,20992.0,MNQH25
2025-01-06T17:27:00.000000+0000,20992.0,20992.25,20991.75,20992.0,938.0,313,20992.0,MNQH25
2025-01-06T17:28:00.000000+0000,20992.0,20992.25,20991.5,20992.0,934.0,312,20992.0,MNQH25
2025-01-06T17:29:00.000000+0000,20992.0,20992.25,20991.5,20992.0,930.0,311,20992.0,MNQH25
2025-01-06T17:30:00.000000+0000,20992.0,20992.25,20991.5,20992.0,926.0,309,20992.0,MNQH25
2025-01-06T17:31:00.000000+0000,20992.0,20992.25,20991.5,20992.0,922.0,308,20992.0,MNQH25
2025-01-06T17:32:00.000000+0000,20992.0,20992.25,20991.5,20992.0,917.0,306,20992.0,MNQH25
2025-01-06T17:33:00.000000+0000,20992.0,20992.25,20991.5,20992.0,911.0,304,20992.0,MNQH25
2025-01-06T17:34:00.000000+0000,20992.0,20992.25,20991.5,20991.75,906.0,303,20991.75,MNQH25
2025-01-06T17:35:00.000000+0000,20991.75,20992.25,20991.5,20991.75,900.0,301,20991.75,MNQH25
2025-01-06T17:36:00.000000+0000,20991.75,20992.25,20991.5,20991.75,894.0,299,20991.75,MNQH25
2025-01-06T17:37:00.000000+0000,20991.75,20992.25,20991.5,20991.75,888.0,297,20991.75,MNQH25
2025-01-06T17:38:00.000000+0000,20991.75,20992.25,20991.5,20991.75,881.0,294,20991.75,MNQH25
2025-01-06T17:39:00.000000+0000,20991.75,20992.25,20991.5,20991.75,874.0,292,20991.75,MNQH25
2025-01-06T17:40:00.000000+0000,20991.75,20992.25,20991.5,20991.75,867.0,290,20991.75,MNQH25
2025-01-06T17:41:00.000000+0000,20991.75,20992.25,20991.5,20991.75,860.0,287,20991.75,MNQH25
2025-01-06T17:42:00.000000+0000,20991.75,20992.0,20991.5,20991.75,853.0,285,20991.75,MNQH25
2025-01-06T17:43:00.000000+0000,20991.75,20992.0,20991.5,20991.75,845.0,282,20991.75,MNQH25
2025-01-06T17:44:00.000000+0000,20991.75,20992.0,20991.5,20991.75,838.0,280,20991.75,MNQH25
2025-01-06T17:45:00.000000+0000,20991.75,20992.0,20991.5,20991.75,831.0,278,20991.75,MNQH25
2025-01-06T17:46:00.000000+0000,20991.75,20992.0,20991.5,20991.75,823.0,275,20991.75,MNQH25
2025-01-06T17:47:00.000000+0000,20991.75,20992.0,20991.5,20991.75,816.0,273,20991.75,MNQH25
2025-01-06T17:48:00.000000+0000,20991.75,20992.0,20991.5,20991.75,808.0,270,20991.75,MNQH25
2025-01-06T17:49:00.000000+0000,20991.75,20992.0,20991.5,20991.75,801.0,268,20991.75,MNQH25
2025-01-06T17:50:00.000000+0000,20991.75,20992.0,20991.5,20991.75,793.0,265,20991.75,MNQH25
2025-01-06T17:51:00.000000+0000,20991.75,20992.0,20991.5,20991.75,786.0,263,20991.75,MNQH25
2025-01-06T17:52:00.000000+0000,20991.75,20992.0,20991.5,20991.75,779.0,260,20991.75,MNQH25
2025-01-06T17:53:00.000000+0000,20991.75,20992.0,20991.5,20991.75,772.0,258,20991.75,MNQH25
2025-01-06T17:54:00.000000+0000,20991.75,20992.0,20991.5,20991.75,766.0,256,20991.75,MNQH25
2025-01-06T17:55:00.000000+0000,20991.75,20992.0,20991.25,20991.75,759.0,254,20991.75,MNQH25
2025-01-06T17:56:00.000000+0000,20991.75,20992.0,20991.25,20991.75,753.0,252,20991.75,MNQH25
2025-01-06T17:57:00.000000+0000,20991.75,20992.0,20991.25,20991.75,747.0,250,20991.75,MNQH25
2025-01-06T17:58:00.000000+0000,20991.75,20992.0,20991.25,20991.75,741.0,248,20991.75,MNQH25
2025-01-06T17:59:00.000000+0000,20991.75,20992.0,20991.25,20991.75,736.0,246,20991.75,MNQH25
2025-01-06T18:00:00.000000+0000,20991.75,20992.0,20991.25,20991.75,731.0,244,20991.75,MNQH25
2025-01-06T18:01:00.000000+0000,20991.75,20992.0,20991.25,20991.75,726.0,243,20991.75,MNQH25
2025-01-06T18:02:00.000000+0000,20991.75,20992.0,20991.25,20991.5,721.0,241,20991.5,MNQH25
2025-01-06T18:03:00.000000+0000,20991.5,20992.0,20991.25,20991.5,717.0,240,20991.5,MNQH25
2025-01-06T18:04:00.000000+0000,20991.5,20992.0,20991.25,20991.5,714.0,239,20991.5,MNQH25
2025-01-06T18:05:00.000000+0000,20991.5,20992.0,20991.25,20991.5,711.0,238,20991.5,MNQH25
2025-01-06T18:06:00.000000+0000,20991.5,20992.0,20991.25,20991.5,708.0,237,20991.5,MNQH25
2025-01-06T18:07:00.000000+0000,20991.5,20992.0,20991.25,20991.5,705.0,236,20991.5,MNQH25
2025-01-06T18:08:00.000000+0000,20991.5,20992.0,20991.25,20991.5,703.0,235,20991.5,MNQH25
2025-01-06T18:09:00.000000+0000,20991.5,20991.75,20991.25,20991.5,702.0,235,20991.5,MNQH25
2025-01-06T18:10:00.000000+0000,20991.5,20991.75,20991.25,20991.5,701.0,234,20991.5,MNQH25
2025-01-06T18:11:00.000000+0000,20991.5,20991.75,20991.25,20991.5,700.0,234,20991.5,MNQH25
2025-01-06T18:12:00.000000+0000,20991.5,20991.75,20991.25,20991.5,700.0,234,20991.5,MNQH25
2025-01-06T18:13:00.000000+0000,20991.5,20991.75,20991.25,20991.5,700.0,234,20991.5,MNQH25
2025-01-06T18:14:00.000000+0000,20991.5,20991.75,20991.25,20991.5,701.0,234,20991.5,MNQH25
2025-01-06T18:15:00.000000+0000,20991.5,20991.75,20991.25,20991.5,702.0,235,20991.5,MNQH25
2025-01-06T18:16:00.000000+0000,20991.5,20991.75,20991.25,20991.5,704.0,235,20991.5,MNQH25
2025-01-06T18:17:00.000000+0000,20991.5,20991.75,20991.25,20991.5,706.0,236,20991.5,MNQH25
2025-01-06T18:18:00.000000+0000,20991.5,20991.75,20991.25,20991.5,708.0,237,20991.5,MNQH25
2025-01-06T18:19:00.000000+0000,20991.5,20991.75,20991.25,20991.5,711.0,238,20991.5,MNQH25
2025-01-06T18:20:00.000000+0000,20991.5,20991.75,20991.25,20991.5,714.0,239,20991.5,MNQH25
2025-01-06T18:21:00.000000+0000,20991.5,20991.75,20991.25,20991.5,718.0,240,20991.5,MNQH25
2025-01-06T18:22:00.000000+0000,20991.5,20991.75,20991.25,20991.5,722.0,241,20991.5,MNQH25
2025-01-06T18:23:00.000000+0000,20991.5,20991.75,20991.0,20991.5,727.0,243,20991.5,MNQH25
2025-01-06T18:24:00.000000+0000,20991.5,20991.75,20991.0,20991.5,731.0,244,20991.5,MNQH25
2025-01-06T18:25:00.000000+0000,20991.5,20991.75,20991.0,20991.5,737.0,246,20991.5,MNQH25
2025-01-06T18:26:00.000000+0000,20991.5,20991.75,20991.0,20991.5,742.0,248,20991.5,MNQH25
2025-01-06T18:27:00.000000+0000,20991.5,20991.75,20991.0,20991.5,748.0,250,20991.5,MNQH25
2025-01-06T18:28:00.000000+0000,20991.5,20991.75,20991.0,20991.5,754.0,252,20991.5,MNQH25
2025-01-06T18:29:00.000000+0000,20991.5,20991.75,20991.0,20991.25,760.0,254,20991.25,MNQH25
2025-01-06T18:30:00.000000+0000,20991.25,20991.75,20991.0,20991.25,767.0,256,20991.25,MNQH25
2025-01-06T18:31:00.000000+0000,20991.25,20991.75,20991.0,20991.25,773.0,258,20991.25,MNQH25
2025-01-06T18:32:00.000000+0000,20991.25,20991.75,20991.0,20991.25,780.0,261,20991.25,MNQH25
2025-01-06T18:33:00.000000+0000,20991.25,20991.75,20991.0,20991.25,787.0,263,20991.25,MNQH25
2025-01-06T18:34:00.000000+0000,20991.25,20991.75,20991.0,20991.25,795.0,266,20991.25,MNQH25
2025-01-06T18:35:00.000000+0000,20991.25,20991.75,20991.0,20991.25,802.0,268,20991.25,MNQH25
2025-01-06T18:36:00.000000+0000,20991.25,20991.75,20991.0,20991.25,809.0,270,20991.25,MNQH25
2025-01-06T18:37:00.000000+0000,20991.25,20991.5,20991.0,20991.25,817.0,273,20991.25,MNQH25
2025-01-06T18:38:00.000000+0000,20991.25,20991.5,20991.0,20991.25,824.0,275,20991.25,MNQH25
2025-01-06T18:39:00.000000+0000,20991.25,20991.5,20991.0,20991.25,832.0,278,20991.25,MNQH25
2025-01-06T18:40:00.000000+0000,20991.25,20991.5,20991.0,20991.25,839.0,280,20991.25,MNQH25
2025-01-06T18:41:00.000000+0000,20991.25,20991.5,20991.0,20991.25,847.0,283,20991.25,MNQH25
2025-01-06T18:42:00.000000+0000,20991.25,20991.5,20991.0,20991.25,854.0,285,20991.25,MNQH25
2025-01-06T18:43:00.000000+0000,20991.25,20991.5,20991.0,20991.25,861.0,288,20991.25,MNQH25
2025-01-06T18:44:00.000000+0000,20991.25,20991.5,20991.0,20991.25,868.0,290,20991.25,MNQH25
2025-01-06T18:45:00.000000+0000,20991.25,20991.5,20991.0,20991.25,875.0,292,20991.25,MNQH25
2025-01-06T18:46:00.000000+0000,20991.25,20991.5,20991.0,20991.25,882.0,295,20991.25,MNQH25
2025-01-06T18:47:00.000000+0000,20991.25,20991.5,20991.0,20991.25,889.0,297,20991.25,MNQH25
2025-01-06T18:48:00.000000+0000,20991.25,20991.5,20991.0,20991.25,895.0,299,20991.25,MNQH25
2025-01-06T18:49:00.000000+0000,20991.25,20991.5,20991.0,20991.25,901.0,301,20991.25,MNQH25
2025-01-06T18:50:00.000000+0000,20991.25,20991.5,20990.75,20991.25,907.0,303,20991.25,MNQH25
2025-01-06T18:51:00.000000+0000,20991.25,20991.5,20990.75,20991.25,912.0,305,20991.25,MNQH25
2025-01-06T18:52:00.000000+0000,20991.25,20991.5,20990.75,20991.25,918.0,307,20991.25,MNQH25
2025-01-06T18:53:00.000000+0000,20991.25,20991.5,20990.75,20991.25,922.0,308,20991.25,MNQH25
2025-01-06T18:54:00.000000+0000,20991.25,20991.5,20990.75,20991.25,927.0,310,20991.25,MNQH25
2025-01-06T18:55:00.000000+0000,20991.25,20991.5,20990.75,20991.25,931.0,311,20991.25,MNQH25
2025-01-06T18:56:00.000000+0000,20991.25,20991.5,20990.75,20991.25,935.0,312,20991.25,MNQH25
2025-01-06T18:57:00.000000+0000,20991.25,20991.5,20990.75,20991.0,938.0,313,20991.0,MNQH25
2025-01-06T18:58:00.000000+0000,20991.0,20991.5,20990.75,20991.0,941.0,314,20991.0,MNQH25
2025-01-06T18:59:00.000000+0000,20991.0,20991.5,20990.75,20991.0,944.0,315,20991.0,MNQH25
2025-01-06T19:00:00.000000+0000,20991.0,20991.5,20990.75,20991.0,946.0,316,20991.0,MNQH25
2025-01-06T19:01:00.000000+0000,20991.0,20991.5,20990.75,20991.0,948.0,317,20991.0,MNQH25
2025-01-06T19:02:00.000000+0000,20991.0,20991.5,20990.75,20991.0,949.0,317,20991.0,MNQH25
2025-01-06T19:03:00.000000+0000,20991.0,20991.5,20990.75,20991.0,950.0,317,20991.0,MNQH25
2025-01-06T19:04:00.000000+0000,20991.0,20991.25,20990.75,20991.0,950.0,317,20991.0,MNQH25
2025-01-06T19:05:00.000000+0000,20991.0,20991.25,20990.75,20991.0,950.0,317,20991.0,MNQH25
2025-01-06T19:06:00.000000+0000,20991.0,20991.25,20990.75,20991.0,949.0,317,20991.0,MNQH25
2025-01-06T19:07:00.000000+0000,20991.0,20991.25,20990.75,20991.0,948.0,317,20991.0,MNQH25
2025-01-06T19:08:00.000000+0000,20991.0,20991.25,20990.75,20991.0,947.0,316,20991.0,MNQH25
2025-01-06T19:09:00.000000+0000,20991.0,20991.25,20990.75,20991.0,945.0,316,20991.0,MNQH25
2025-01-06T19:10:00.000000+0000,20991.0,20991.25,20990.75,20991.0,943.0,315,20991.0,MNQH25
2025-01-06T19:11:00.000000+0000,20991.0,20991.25,20990.75,20991.0,940.0,314,20991.0,MNQH25
2025-01-06T19:12:00.000000+0000,20991.0,20991.25,20990.75,20991.0,937.0,313,20991.0,MNQH25
2025-01-06T19:13:00.000000+0000,20991.0,20991.25,20990.75,20991.0,933.0,312,20991.0,MNQH25
2025-01-06T19:14:00.000000+0000,20991.0,20991.25,20990.75,20991.0,929.0,310,20991.0,MNQH25
2025-01-06T19:15:00.000000+0000,20991.0,20991.25,20990.75,20991.0,925.0,309,20991.0,MNQH25
2025-01-06T19:16:00.000000+0000,20991.0,20991.25,20990.75,20991.0,920.0,307,20991.0,MNQH25
2025-01-06T19:17:00.000000+0000,20991.0,20991.25,20990.75,20991.0,915.0,306,20991.0,MNQH25
2025-01-06T19:18:00.000000+0000,20991.0,20991.25,20990.5,20991.0,910.0,304,20991.0,MNQH25
2025-01-06T19:19:00.000000+0000,20991.0,20991.25,20990.5,20991.0,904.0,302,20991.0,MNQH25
2025-01-06T19:20:00.000000+0000,20991.0,20991.25,20990.5,20991.0,898.0,300,20991.0,MNQH25
2025-01-06T19:21:00.000000+0000,20991.0,20991.25,20990.5,20991.0,892.0,298,20991.0,MNQH25
2025-01-06T19:22:00.000000+0000,20991.0,20991.25,20990.5,20991.0,886.0,296,20991.0,MNQH25
2025-01-06T19:23:00.000000+0000,20991.0,20991.25,20990.5,20991.0,879.0,294,20991.0,MNQH25
2025-01-06T19:24:00.000000+0000,20991.0,20991.25,20990.5,20990.75,872.0,291,20990.75,MNQH25
2025-01-06T19:25:00.000000+0000,20990.75,20991.25,20990.5,20990.75,865.0,289,20990.75,MNQH25
2025-01-06T19:26:00.000000+0000,20990.75,20991.25,20990.5,20990.75,858.0,287,20990.75,MNQH25
2025-01-06T19:27:00.000000+0000,20990.75,20991.25,20990.5,20990.75,851.0,284,20990.75,MNQH25
2025-01-06T19:28:00.000000+0000,20990.75,20991.25,20990.5,20990.75,843.0,282,20990.75,MNQH25
2025-01-06T19:29:00.000000+0000,20990.75,20991.25,20990.5,20990.75,836.0,279,20990.75,MNQH25
2025-01-06T19:30:00.000000+0000,20990.75,20991.25,20990.5,20990.75,828.0,277,20990.75,MNQH25
2025-01-06T19:31:00.000000+0000,20990.75,20991.25,20990.5,20990.75,821.0,274,20990.75,MNQH25
2025-01-06T19:32:00.000000+0000,20990.75,20991.0,20990.5,20990.75,813.0,272,20990.75,MNQH25
2025-01-06T19:33:00.000000+0000,20990.75,20991.0,20990.5,20990.75,806.0,269,20990.75,MNQH25
2025-01-06T19:34:00.000000+0000,20990.75,20991.0,20990.5,20990.75,799.0,267,20990.75,MNQH25
2025-01-06T19:35:00.000000+0000,20990.75,20991.0,20990.5,20990.75,791.0,264,20990.75,MNQH25
2025-01-06T19:36:00.000000+0000,20990.75,20991.0,20990.5,20990.75,784.0,262,20990.75,MNQH25
2025-01-06T19:37:00.000000+0000,20990.75,20991.0,20990.5,20990.75,777.0,260,20990.75,MNQH25
2025-01-06T19:38:00.000000+0000,20990.75,20991.0,20990.5,20990.75,770.0,257,20990.75,MNQH25
2025-01-06T19:39:00.000000+0000,20990.75,20991.0,20990.5,20990.75,764.0,255,20990.75,MNQH25
2025-01-06T19:40:00.000000+0000,20990.75,20991.0,20990.5,20990.75,757.0,253,20990.75,MNQH25
2025-01-06T19:41:00.000000+0000,20990.75,20991.0,20990.5,20990.75,751.0,251,20990.75,MNQH25
2025-01-06T19:42:00.000000+0000,20990.75,20991.0,20990.5,20990.75,745.0,249,20990.75,MNQH25
2025-01-06T19:43:00.000000+0000,20990.75,20991.0,20990.5,20990.75,740.0,247,20990.75,MNQH25
2025-01-06T19:44:00.000000+0000,20990.75,20991.0,20990.5,20990.75,734.0,245,20990.75,MNQH25
2025-01-06T19:45:00.000000+0000,20990.75,20991.0,20990.25,20990.75,729.0,244,20990.75,MNQH25
2025-01-06T19:46:00.000000+0000,20990.75,20991.0,20990.25,20990.75,725.0,242,20990.75,MNQH25
2025-01-06T19:47:00.000000+0000,20990.75,20991.0,20990.25,20990.75,720.0,241,20990.75,MNQH25
2025-01-06T19:48:00.000000+0000,20990.75,20991.0,20990.25,20990.75,716.0,239,20990.75,MNQH25
2025-01-06T19:49:00.000000+0000,20990.75,20991.0,20990.25,20990.75,713.0,238,20990.75,MNQH25
2025-01-06T19:50:00.000000+0000,20990.75,20991.0,20990.25,20990.75,710.0,237,20990.75,MNQH25
2025-01-06T19:51:00.000000+0000,20990.75,20991.0,20990.25,20990.75,707.0,236,20990.75,MNQH25
2025-01-06T19:52:00.000000+0000,20990.75,20991.0,20990.25,20990.5,705.0,236,20990.5,MNQH25
2025-01-06T19:53:00.000000+0000,20990.5,20991.0,20990.25,20990.5,703.0,235,20990.5,MNQH25
2025-01-06T19:54:00.000000+0000,20990.5,20991.0,20990.25,20990.5,702.0,235,20990.5,MNQH25
2025-01-06T19:55:00.000000+0000,20990.5,20991.0,20990.25,20990.5,701.0,234,20990.5,MNQH25
2025-01-06T19:56:00.000000+0000,20990.5,20991.0,20990.25,20990.5,700.0,234,20990.5,MNQH25
2025-01-06T19:57:00.000000+0000,20990.5,20991.0,20990.25,20990.5,700.0,234,20990.5,MNQH25
2025-01-06T19:58:00.000000+0000,20990.5,20991.0,20990.25,20990.5,700.0,234,20990.5,MNQH25
2025-01-06T19:59:00.000000+0000,20990.5,20990.75,20990.25,20990.5,701.0,234,20990.5,MNQH25
2025-01-06T20:00:00.000000+0000,20990.5,20990.75,20990.25,20990.5,703.0,235,20990.5,MNQH25
2025-01-06T20:01:00.000000+0000,20990.5,20990.75,20990.25,20990.5,704.0,235,20990.5,MNQH25
2025-01-06T20:02:00.000000+0000,20990.5,20990.75,20990.25,20990.5,706.0,236,20990.5,MNQH25
2025-01-06T20:03:00.000000+0000,20990.5,20990.75,20990.25,20990.5,709.0,237,20990.5,MNQH25
2025-01-06T20:04:00.000000+0000,20990.5,20990.75,20990.25,20990.5,712.0,238,20990.5,MNQH25
2025-01-06T20:05:00.000000+0000,20990.5,20990.75,20990.25,20990.5,715.0,239,20990.5,MNQH25
2025-01-06T20:06:00.000000+0000,20990.5,20990.75,20990.25,20990.5,719.0,240,20990.5,MNQH25
2025-01-06T20:07:00.000000+0000,20990.5,20990.75,20990.25,20990.5,723.0,242,20990.5,MNQH25
2025-01-06T20:08:00.000000+0000,20990.5,20990.75,20990.25,20990.5,728.0,243,20990.5,MNQH25
2025-01-06T20:09:00.000000+0000,20990.5,20990.75,20990.25,20990.5,733.0,245,20990.5,MNQH25
2025-01-06T20:10:00.000000+0000,20990.5,20990.75,20990.25,20990.5,738.0,247,20990.5,MNQH25
2025-01-06T20:11:00.000000+0000,20990.5,20990.75,20990.25,20990.5,744.0,249,20990.5,MNQH25
2025-01-06T20:12:00.000000+0000,20990.5,20990.75,20990.25,20990.5,749.0,250,20990.5,MNQH25
2025-01-06T20:13:00.000000+0000,20990.5,20990.75,20990.0,20990.5,756.0,253,20990.5,MNQH25
2025-01-06T20:14:00.000000+0000,20990.5,20990.75,20990.0,20990.5,762.0,255,20990.5,MNQH25
2025-01-06T20:15:00.000000+0000,20990.5,20990.75,20990.0,20990.5,768.0,257,20990.5,MNQH25
2025-01-06T20:16:00.000000+0000,20990.5,20990.75,20990.0,20990.5,775.0,259,20990.5,MNQH25
2025-01-06T20:17:00.000000+0000,20990.5,20990.75,20990.0,20990.5,782.0,261,20990.5,MNQH25
2025-01-06T20:18:00.000000+0000,20990.5,20990.75,20990.0,20990.5,789.0,264,20990.5,MNQH25
2025-01-06T20:19:00.000000+0000,20990.5,20990.75,20990.0,20990.25,797.0,266,20990.25,MNQH25
2025-01-06T20:20:00.000000+0000,20990.25,20990.75,20990.0,20990.25,804.0,269,20990.25,MNQH25
2025-01-06T20:21:00.000000+0000,20990.25,20990.75,20990.0,20990.25,811.0,271,20990.25,MNQH25
2025-01-06T20:22:00.000000+0000,20990.25,20990.75,20990.0,20990.25,819.0,274,20990.25,MNQH25
2025-01-06T20:23:00.000000+0000,20990.25,20990.75,20990.0,20990.25,826.0,276,20990.25,MNQH25
2025-01-06T20:24:00.000000+0000,20990.25,20990.75,20990.0,20990.25,834.0,279,20990.25,MNQH25
2025-01-06T20:25:00.000000+0000,20990.25,20990.75,20990.0,20990.25,841.0,281,20990.25,MNQH25
2025-01-06T20:26:00.000000+0000,20990.25,20990.75,20990.0,20990.25,849.0,284,20990.25,MNQH25
2025-01-06T20:27:00.000000+0000,20990.25,20990.5,20990.0,20990.25,856.0,286,20990.25,MNQH25
2025-01-06T20:28:00.000000+0000,20990.25,20990.5,20990.0,20990.25,863.0,288,20990.25,MNQH25
2025-01-06T20:29:00.000000+0000,20990.25,20990.5,20990.0,20990.25,870.0,291,20990.25,MNQH25
2025-01-06T20:30:00.000000+0000,20990.25,20990.5,20990.0,20990.25,877.0,293,20990.25,MNQH25
2025-01-06T20:31:00.000000+0000,20990.25,20990.5,20990.0,20990.25,884.0,295,20990.25,MNQH25
2025-01-06T20:32:00.000000+0000,20990.25,20990.5,20990.0,20990.25,890.0,297,20990.25,MNQH25
2025-01-06T20:33:00.000000+0000,20990.25,20990.5,20990.0,20990.25,897.0,300,20990.25,MNQH25
2025-01-06T20:34:00.000000+0000,20990.25,20990.5,20990.0,20990.25,903.0,302,20990.25,MNQH25
2025-01-06T20:35:00.000000+0000,20990.25,20990.5,20990.0,20990.25,908.0,303,20990.25,MNQH25
2025-01-06T20:36:00.000000+0000,20990.25,20990.5,20990.0,20990.25,914.0,305,20990.25,MNQH25
2025-01-06T20:37:00.000000+0000,20990.25,20990.5,20990.0,20990.25,919.0,307,20990.25,MNQH25
2025-01-06T20:38:00.000000+0000,20990.25,20990.5,20990.0,20990.25,924.0,309,20990.25,MNQH25
2025-01-06T20:39:00.000000+0000,20990.25,20990.5,20990.0,20990.25,928.0,310,20990.25,MNQH25
2025-01-06T20:40:00.000000+0000,20990.25,20990.5,20989.75,20990.25,932.0,311,20990.25,MNQH25
2025-01-06T20:41:00.000000+0000,20990.25,20990.5,20989.75,20990.25,936.0,313,20990.25,MNQH25
2025-01-06T20:42:00.000000+0000,20990.25,20990.5,20989.75,20990.25,939.0,314,20990.25,MNQH25
2025-01-06T20:43:00.000000+0000,20990.25,20990.5,20989.75,20990.25,942.0,315,20990.25,MNQH25
2025-01-06T20:44:00.000000+0000,20990.25,20990.5,20989.75,20990.25,944.0,315,20990.25,MNQH25
2025-01-06T20:45:00.000000+0000,20990.25,20990.5,20989.75,20990.25,946.0,316,20990.25,MNQH25
2025-01-06T20:46:00.000000+0000,20990.25,20990.5,20989.75,20990.25,948.0,317,20990.25,MNQH25
2025-01-06T20:47:00.000000+0000,20990.25,20990.5,20989.75,20990.0,949.0,317,20990.0,MNQH25
2025-01-06T20:48:00.000000+0000,20990.0,20990.5,20989.75,20990.0,950.0,317,20990.0,MNQH25
2025-01-06T20:49:00.000000+0000,20990.0,20990.5,20989.75,20990.0,950.0,317,20990.0,MNQH25
2025-01-06T20:50:00.000000+0000,20990.0,20990.5,20989.75,20990.0,950.0,317,20990.0,MNQH25
2025-01-06T20:51:00.000000+0000,20990.0,20990.5,20989.75,20990.0,949.0,317,20990.0,MNQH25
2025-01-06T20:52:00.000000+0000,20990.0,20990.5,20989.75,20990.0,948.0,317,20990.0,MNQH25
2025-01-06T20:53:00.000000+0000,20990.0,20990.5,20989.75,20990.0,946.0,316,20990.0,MNQH25
2025-01-06T20:54:00.000000+0000,20990.0,20990.25,20989.75,20990.0,944.0,315,20990.0,MNQH25
2025-01-06T20:55:00.000000+0000,20990.0,20990.25,20989.75,20990.0,942.0,315,20990.0,MNQH25
2025-01-06T20:56:00.000000+0000,20990.0,20990.25,20989.75,20990.0,939.0,314,20990.0,MNQH25
2025-01-06T20:57:00.000000+0000,20990.0,20990.25,20989.75,20990.0,936.0,313,20990.0,MNQH25
2025-01-06T20:58:00.000000+0000,20990.0,20990.25,20989.75,20990.0,932.0,311,20990.0,MNQH25
2025-01-06T20:59:00.000000+0000,20990.0,20990.25,20989.75,20990.0,928.0,310,20990.0,MNQH25
2025-01-06T21:00:00.000000+0000,20990.0,20990.25,20989.75,20990.0,300.0,101,20990.0,MNQH25
2025-01-06T21:01:00.000000+0000,20990.0,20990.25,20989.75,20990.0,300.0,101,20990.0,MNQH25
2025-01-06T21:02:00.000000+0000,20990.0,20990.25,20989.75,20990.0,300.0,101,20990.0,MNQH25
2025-01-06T21:03:00.000000+0000,20990.0,20990.25,20989.75,20990.0,300.0,101,20990.0,MNQH25
2025-01-06T21:04:00.000000+0000,20990.0,20990.25,20989.75,20990.0,300.0,101,20990.0,MNQH25
2025-01-06T21:05:00.000000+0000,20990.0,20990.25,20989.75,20990.0,300.0,101,20990.0,MNQH25
2025-01-06T21:06:00.000000+0000,20990.0,20990.25,20989.75,20990.0,300.0,101,20990.0,MNQH25
2025-01-06T21:07:00.000000+0000,20990.0,20990.25,20989.75,20990.0,300.0,101,20990.0,MNQH25
2025-01-06T21:08:00.000000+0000,20990.0,20990.25,20989.75,20990.0,300.0,101,20990.0,MNQH25
2025-01-06T21:09:00.000000+0000,20990.0,20990.25,20989.75,20990.0,300.0,101,20990.0,MNQH25
2025-01-06T21:10:00.000000+0000,20990.0,20990.25,20989.75,20990.0,300.0,101,20990.0,MNQH25
2025-01-06T21:11:00.000000+0000,20990.0,20990.25,20989.75,20990.0,300.0,101,20990.0,MNQH25
2025-01-06T21:12:00.000000+0000,20990.0,20990.25,20989.75,20990.0,300.0,101,20990.0,MNQH25
2025-01-06T21:13:00.000000+0000,20990.0,20990.25,20989.75,20990.0,300.0,101,20990.0,MNQH25
2025-01-06T21:14:00.000000+0000,20990.0,20990.25,20989.75,20990.0,300.0,101,20990.0,MNQH25
2025-01-06T21:15:00.000000+0000,20990.0,20990.25,20989.75,20990.0,300.0,101,20990.0,MNQH25
2025-01-06T21:16:00.000000+0000,20990.0,20990.25,20989.75,20990.0,300.0,101,20990.0,MNQH25
2025-01-06T21:17:00.000000+0000,20990.0,20990.25,20989.75,20990.0,300.0,101,20990.0,MNQH25
2025-01-06T21:18:00.000000+0000,20990.0,20990.25,20989.75,20990.0,300.0,101,20990.0,MNQH25
2025-01-06T21:19:00.000000+0000,20990.0,20990.25,20989.75,20990.0,300.0,101,20990.0,MNQH25
2025-01-06T21:20:00.000000+0000,20990.0,20990.25,20989.75,20990.0,300.0,101,20990.0,MNQH25
2025-01-06T21:21:00.000000+0000,20990.0,20990.25,20989.75,20990.0,300.0,101,20990.0,MNQH25
2025-01-06T21:22:00.000000+0000,20990.0,20990.25,20989.75,20990.0,300.0,101,20990.0,MNQH25
2025-01-06T21:23:00.000000+0000,20990.0,20990.25,20989.75,20990.0,300.0,101,20990.0,MNQH25
2025-01-06T21:24:00.000000+0000,20990.0,20990.25,20989.75,20990.0,300.0,101,20990.0,MNQH25
2025-01-06T21:25:00.000000+0000,20990.0,20990.25,20989.75,20990.0,300.0,101,20990.0,MNQH25
2025-01-06T21:26:00.000000+0000,20990.0,20990.25,20989.75,20990.0,300.0,101,20990.0,MNQH25
2025-01-06T21:27:00.000000+0000,20990.0,20990.25,20989.75,20990.0,300.0,101,20990.0,MNQH25
2025-01-06T21:28:00.000000+0000,20990.0,20990.25,20989.75,20990.0,300.0,101,20990.0,MNQH25
2025-01-06T21:29:00.000000+0000,20990.0,20990.25,20989.75,20990.0,300.0,101,20990.0,MNQH25
2025-01-06T21:30:00.000000+0000,20990.0,20990.25,20989.75,20990.0,300.0,101,20990.0,MNQH25
2025-01-06T21:31:00.000000+0000,20990.0,20990.25,20989.75,20990.0,300.0,101,20990.0,MNQH25
2025-01-06T21:32:00.000000+0000,20990.0,20990.25,20989.75,20990.0,300.0,101,20990.0,MNQH25
2025-01-06T21:33:00.000000+0000,20990.0,20990.25,20989.75,20990.0,300.0,101,20990.0,MNQH25
2025-01-06T21:34:00.000000+0000,20990.0,20990.25,20989.75,20990.0,300.0,101,20990.0,MNQH25
2025-01-06T21:35:00.000000+0000,20990.0,20990.25,20989.75,20990.0,300.0,101,20990.0,MNQH25
2025-01-06T21:36:00.000000+0000,20990.0,20990.25,20989.75,20990.0,300.0,101,20990.0,MNQH25
2025-01-06T21:37:00.000000+0000,20990.0,20990.25,20989.75,20990.0,300.0,101,20990.0,MNQH25
2025-01-06T21:38:00.000000+0000,20990.0,20990.25,20989.75,20990.0,300.0,101,20990.0,MNQH25
2025-01-06T21:39:00.000000+0000,20990.0,20990.25,20989.75,20990.0,300.0,101,20990.0,MNQH25
2025-01-06T21:40:00.000000+0000,20990.0,20990.25,20989.75,20990.0,300.0,101,20990.0,MNQH25
2025-01-06T21:41:00.000000+0000,20990.0,20990.25,20989.75,20990.0,300.0,101,20990.0,MNQH25
2025-01-06T21:42:00.000000+0000,20990.0,20990.25,20989.75,20990.0,300.0,101,20990.0,MNQH25
2025-01-06T21:43:00.000000+0000,20990.0,20990.25,20989.75,20990.0,300.0,101,20990.0,MNQH25
2025-01-06T21:44:00.000000+0000,20990.0,20990.25,20989.75,20990.0,300.0,101,20990.0,MNQH25
2025-01-06T21:45:00.000000+0000,20990.0,20990.25,20989.75,20990.0,300.0,101,20990.0,MNQH25
2025-01-06T21:46:00.000000+0000,20990.0,20990.25,20989.75,20990.0,300.0,101,20990.0,MNQH25
2025-01-06T21:47:00.000000+0000,20990.0,20990.25,20989.75,20990.0,300.0,101,20990.0,MNQH25
2025-01-06T21:48:00.000000+0000,20990.0,20990.25,20989.75,20990.0,300.0,101,20990.0,MNQH25
2025-01-06T21:49:00.000000+0000,20990.0,20990.25,20989.75,20990.0,300.0,101,20990.0,MNQH25
2025-01-06T21:50:00.000000+0000,20990.0,20990.25,20989.75,20990.0,300.0,101,20990.0,MNQH25
2025-01-06T21:51:00.000000+0000,20990.0,20990.25,20989.75,20990.0,300.0,101,20990.0,MNQH25
2025-01-06T21:52:00.000000+0000,20990.0,20990.25,20989.75,20990.0,300.0,101,20990.0,MNQH25
2025-01-06T21:53:00.000000+0000,20990.0,20990.25,20989.75,20990.0,300.0,101,20990.0,MNQH25
2025-01-06T21:54:00.000000+0000,20990.0,20990.25,20989.75,20990.0,300.0,101,20990.0,MNQH25
2025-01-06T21:55:00.000000+0000,20990.0,20990.25,20989.75,20990.0,300.0,101,20990.0,MNQH25
2025-01-06T21:56:00.000000+0000,20990.0,20990.25,20989.75,20990.0,300.0,101,20990.0,MNQH25
2025-01-06T21:57:00.000000+0000,20990.0,20990.25,20989.75,20990.0,300.0,101,20990.0,MNQH25
2025-01-06T21:58:00.000000+0000,20990.0,20990.25,20989.75,20990.0,300.0,101,20990.0,MNQH25
2025-01-06T21:59:00.000000+0000,20990.0,20990.25,20989.75,20990.0,300.0,101,20990.0,MNQH25
